"instance"	"R1"	"R2"	"R3"	"R4"	"R5"	"R6"	"R7"	"R8"	"R9"	"R10"	"state_Shift..dimension.1."	"state_Shift..dimension.2."	"state_Slope..dimension.1."	"state_Slope..dimension.2."
"1"	1	0.141856487470706	0.20833409377525	0.370854020221808	0.279352468037837	0.343895153227623	0.371559156188189	0.227596740759779	0.220919080716269	0.266671023620761	0.329166681909577	5.69945902330864	0.179938817622058	3.42183383080134	8.48628002450219
"2"	2	0.225001343723585	0.395853543933765	0.325000404869723	0.120988135961195	0.440283986316345	0.461429781529606	0.21661669379157	0.209248982342666	0.304195455259061	0.262500903948117	5.41053623095751	5.70009160832495	-5.35404009762492	2.76787147719077
"3"	3	0.216871108444662	0.368607053035518	0.299049982685502	0.373468531981769	0.229391158703675	0.26258737811851	0.290348159656488	0.155057174008016	0.13756783561342	0.354248810615171	1.57994648752958	6.37488520105643	1.03789863418274	4.21933069937961
"4"	4	0.316666637450544	0.285776133180903	0.175670163432844	0.246002000717929	0.412103452644225	0.26195405769162	0.290247027011845	0.23902678638396	0.300137544700272	0.175006887899069	2.61235568666599	6.47805123577276	7.62276039219934	-3.08988695702752
"5"	5	0.160003366022314	0.25235296714491	0.254200961608601	0.218979643062811	0.375451616501186	0.408327615421601	0.233335529206601	0.325000127519921	0.237500017963777	0.354166666500045	2.25508960301943	0.188678665785412	2.48316400187186	6.26020551459396
"6"	6	0.25540903797387	0.181756339614762	0.397306926878797	0.281660098263435	0.226414658339835	0.369955896336119	0.238670414385267	0.300965723458153	0.274385798066005	0.215840952610147	4.35104882220082	2.7364007722713	0.880899361223055	7.5031237461072
"7"	7	0.230501159214034	0.191538913581898	0.297506298490973	0.211857703717545	0.0753825266757653	0.191672161656548	0.391666677297712	0.245833335190757	0.250000000033976	0.220833333333878	2.34523449619897	3.35677910658901	-3.82790171346251	-4.14366355848531
"8"	8	0.176121689904743	0.266099399528728	0.371828156486098	0.432650301495468	0.439712413286106	0.459270694619051	0.21370209851225	0.180414420157642	0.221866490571712	0.208711331096562	3.49019154399663	4.94462813082805	-1.15488820640353	1.57643788477955
"9"	9	0.321527037726152	0.560856923549993	0.275850206382684	0.239132522012241	0.410992453895184	0.578720596249336	0.473197615401955	0.306305309302717	0.31630474053946	0.242653064424303	-0.0882175705186636	6.86878118374656	0.248151688232652	0.941690180724651
"10"	10	0.299838982073618	0.335540788443304	0.380686459630398	0.409652862751504	0.381532471655782	0.273447407025255	0.225114501907619	0.220838350736547	0.341666971453407	0.337500045054622	5.24420749639188	2.34672553418321	4.61374496662377	2.07916444089359
"11"	11	0.393354038081675	0.296460215233796	0.170844686366389	0.291667447886431	0.176831936975492	0.279934224445499	0.212519204796829	0.279166671469748	0.137500000002699	0.383333333333335	0.596981515558794	5.71391487286792	4.30133835305121	7.85186692527831
"12"	12	0.380648159268472	0.197845710913434	0.360735602209085	0.194824288389651	0.221493295007375	0.27530384745912	0.212512536839762	0.379167264827661	0.229166783908803	0.216666672159629	2.80524002419803	3.26360257120871	-3.10294315827269	-2.61036131100745
"13"	13	0.343945094682486	0.386266729979588	0.413481713345712	0.548169655243635	0.420656551563937	0.418427380104212	0.370835373420519	0.196840372154321	0.192297060506384	0.34468928423729	3.22062914199467	2.46456819565371	0.843284894449825	0.479838104450196
"14"	14	0.316021550320555	0.396630669524084	0.399106330061335	0.519633273834483	0.135001914754542	0.233393483128591	0.184793775611748	0.137932226548782	0.208342879118389	0.229177731902017	1.78973335013568	2.8744386018836	-1.0745283478797	-1.70538724337387
"15"	15	0.382531717431115	0.452606077367495	0.262627105021986	0.326070149042758	0.444573389705977	0.28683965654899	0.165496249146411	0.299082100642385	0.325942398887122	0.272345983481371	1.84361350755689	3.04933079832774	-5.67010753556831	-0.450081132572925
"16"	16	0.137500149152775	0.275007689534589	0.454283771268318	0.24652555351151	0.205459407939462	0.387354847813671	0.166277566527085	0.277399041864452	0.123795083248959	0.354208036470526	7.87332235801051	5.5283448630853	-3.66520243905122	3.24953799891535
"17"	17	0.273335604976747	0.225793271125755	0.292431243923387	0.326810385846934	0.375452072614982	0.165329627234413	0.275938582233142	0.28953670339613	0.383474509301325	0.437508302858587	3.73259635600841	6.7277129432595	1.42873175388522	4.45763576576185
"18"	18	0.241703166755412	0.334304909228106	0.087913048746457	0.227283750877078	0.312439706018838	0.30641079051661	0.275064433316858	0.325001406676922	0.191666702967768	0.233333334150757	2.48326866056031	4.71734025092282	6.29670746158566	3.8935288489599
"19"	19	0.225904327971328	0.263089433780892	0.391112055013326	0.43651183761748	0.37587930592937	0.28751750336778	0.175002828793759	0.270833398639582	0.250000007322968	0.191666666925228	3.98790016914552	3.09364269915097	-8.46965835595352	-3.07537541310647
"20"	20	0.250160496153466	0.347192299788397	0.18217768051219	0.364955713529055	0.336831839271236	0.460831705943537	0.305956993052944	0.187703336809612	0.199574075617606	0.22264557824819	6.69867546145239	6.37917358792228	-0.681477442012095	-1.689023978796
"21"	21	0.138693117936	0.268712835009656	0.237221371125381	0.248692637515673	0.365844500492275	0.318319017633362	0.329523300184126	0.370836449434161	0.312500030402264	0.225000000263376	2.90974385496697	5.73344727795009	3.04329153527271	5.12130681837962
"22"	22	0.435276549078387	0.233723162702838	0.355939438818977	0.405646660054992	0.291515641151071	0.439727388973259	0.482736569067988	0.334396297139673	0.265500784282794	0.202511566448736	4.87528436703729	5.71906078222197	0.247231293183634	-1.72111383192055
"23"	23	0.227228886424044	0.354008955439878	0.348961269284902	0.255305358588781	0.259230573095372	0.224440151412879	0.279411463407229	0.329270530519656	0.187718951432213	0.183347500750609	6.18121927601828	2.00893649208778	2.62926646591661	-5.29217029139538
"24"	24	0.205045622663808	0.243855885703555	0.336801057694812	0.414162466748228	0.207205267052445	0.406779360107592	0.218158905488387	0.207685305657567	0.22109748122972	0.222004236768328	4.14105386810104	3.09548691573618	4.03945352004406	0.817993742797207
"25"	25	0.161089928688225	0.301051853601815	0.383941236587605	0.335778644833452	0.272114630606955	0.141926550931638	0.16250875523696	0.141668878055415	0.270833526957255	0.0625000090283249	2.46427654267815	2.62181736769228	6.35718727281899	2.29236139533991
"26"	26	0.195901414366302	0.225265112178513	0.381766184343936	0.150189101025073	0.522917419542936	0.235363845931181	0.264734154715724	0.208784674304255	0.125036790378786	0.212503120987935	3.42963439409649	4.9245666368857	-6.79495195210678	2.30010907531312
"27"	27	0.170295823062681	0.289379215002382	0.410341892642741	0.290591854560384	0.202420316266105	0.493456531830997	0.33216383820398	0.301424937849974	0.379607340001293	0.268110189147058	2.54975802646296	7.06256697146477	1.80844100595098	0.944898228230437
"28"	28	0.287550325912393	0.391829483115853	0.295635046578731	0.218433814906502	0.377943089920352	0.365869792987526	0.220298268854449	0.16432632601127	0.132531902408231	0.241584636237517	3.94764695774875	-0.0180125858617739	-0.733427383488721	4.46837324809471
"29"	29	0.403202271108301	0.427354423906726	0.397666872041305	0.503579996247672	0.428302475248282	0.455885782422249	0.35363813475065	0.205797857618135	0.240585941293074	0.24910188324101	3.2400019604622	1.64627959296507	-0.188264615182371	2.20567961353232
"30"	30	0.11694186014264	0.416939504193478	0.1548656197556	0.262679296717407	0.260522076521345	0.230677540848866	0.33719584125999	0.302986237164844	0.359439711174039	0.283406699661946	6.78373521517503	2.31972320651228	2.31324760832011	5.11019335213886
"31"	31	0.133333355989234	0.162501873520515	0.254187026753541	0.19540732328105	0.314077250721794	0.105002833996064	0.254167418194557	0.170833366500324	0.337500000179779	0.175000000002785	4.50112775223195	5.3062095539147	4.73793468931355	9.51329710834734
"32"	32	0.07240951161937	0.297572490484235	0.45169894757063	0.49281097893821	0.342655952377895	0.259129507409149	0.174156237859139	0.296398862487208	0.391679348670326	0.150056260733454	2.69353190030721	3.37928883138522	8.64088234978544	-1.40084563211762
"33"	33	0.105192759298081	0.132990225491288	0.128224202538047	0.346710804217502	0.170120642489637	0.31442384908038	0.248272681121159	0.36975625941757	0.391301969009479	0.225988798790196	8.30639332756998	6.1543753936129	7.66422976655164	1.18688600311202
"34"	34	0.489868554087827	0.298690158753582	0.318782722615754	0.283904056533957	0.224062925498014	0.162960054144522	0.378535767587408	0.432668292506091	0.435042488833302	0.470632967553814	3.54698267380221	8.47289798593423	-5.60494971182767	-0.1947238671229
"35"	35	0.312269828437679	0.237535300446984	0.35002623704105	0.424984807643221	0.308345820686525	0.553530212102026	0.489787619388877	0.466983619443374	0.505143199454227	0.369842705765399	8.68234171296275	3.51787579350149	-2.00382360979926	0.0027439349115046
"36"	36	0.245833333333333	0.337500000000051	0.0458336595158545	0.218165061960799	0.304182898497987	0.116993667313796	0.29071624331491	0.308336007825843	0.13750000311986	0.262500000003057	4.00993259944548	6.40002936371386	13.7841772618662	7.11041312818081
"37"	37	0.246741839678594	0.457827489199844	0.153051322685083	0.32213685410554	0.372134324056428	0.123357644179394	0.133616927142876	0.116677440881113	0.220834697775506	0.454166917664421	5.12542969751179	1.45543685289303	3.98985914789258	-1.66106737894323
"38"	38	0.295862353245298	0.13805900075522	0.282193318529477	0.251012024525732	0.328187680557229	0.499719911346811	0.170750287570397	0.275108267816545	0.191676339818297	0.191667060710314	4.467784482375	5.43097305738589	-2.70494654943288	-3.08343305538511
"39"	39	0.162690698338783	0.28870972777562	0.439740059996798	0.209448953409189	0.342857948211157	0.314477696375354	0.377269164842075	0.359607855360001	0.356823913358065	0.133373416685527	6.58823010991991	3.05242086943911	1.35845162986445	6.04768986318701
"40"	40	0.341667022174008	0.545981324090077	0.329662907719819	0.195583069689424	0.27505032173729	0.175000063872214	0.333333333570834	0.287500000000849	0.44166666666667	0.104166666666667	3.21403437993319	3.36906293080075	6.38827529627914	-5.88321344554369
"41"	41	0.187503665372546	0.158491369893718	0.244081617164671	0.36015982490207	0.26156714896015	0.295868267027484	0.0625003151020426	0.262500009473153	0.225000000154266	0.195833333335831	3.37665349666104	3.81699203473452	7.49597871597948	-4.1975806399746
"42"	42	0.202347896978981	0.429309131577529	0.521090471191507	0.418963559690003	0.32112621423981	0.321440943439265	0.201189987308165	0.227482537942492	0.345778393681068	0.166774769009406	3.46310615023888	3.26422120090414	1.0810847412013	1.4636998912876
"43"	43	0.275361043092366	0.328660264488721	0.210343021521779	0.303560318461722	0.389316489587368	0.102078656374137	0.279426575185251	0.445834261955533	0.354166617062703	0.375000005084538	4.90522725965449	3.10487365617963	3.56011110444159	3.19369403907567
"44"	44	0.254599509291006	0.3101584232722	0.150666891628274	0.226165934056071	0.394091726049581	0.256137450890918	0.27527299427437	0.145474410585112	0.346479075545272	0.175187851204694	4.93100601605205	5.34221867686598	4.82015553063069	-1.67833506459476
"45"	45	0.498106765316942	0.411412377279017	0.347213108095762	0.260432909941219	0.35756947877398	0.466725688999326	0.371467006336182	0.251088362920578	0.300564338784861	0.413166466501449	0.7466299667316	5.61396014953037	2.02104781361598	0.0182439015399052
"46"	46	0.22083333395464	0.354166727248029	0.233345012052011	0.321306913192638	0.294999964007274	0.173324294504535	0.292185236676907	0.337507302547665	0.316666675857214	0.350000000023557	5.27609153629536	6.38222423781488	4.78351688692679	6.94592002967364
"47"	47	0.375400435453183	0.418390446394257	0.360715384100291	0.364393847674496	0.137822876682318	0.216713031596892	0.316667769324228	0.216666918694913	0.266666716958619	0.470833332582046	2.14904517968475	2.17882001762412	2.25777882123728	3.78524083027724
"48"	48	0.308358638164375	0.301456705189313	0.352522999331346	0.293022187342804	0.243817449227448	0.187568227426306	0.195834541314489	0.325000026818399	0.304166666853383	0.283333333342486	4.5976075804581	3.58210381821454	7.17487467411243	-3.80399927030559
"49"	49	0.354619751946081	0.217432137684893	0.0659032325120225	0.250129318152916	0.381678211564032	0.225547878763434	0.274967906953645	0.154210017262645	0.43836671733584	0.216770606419442	6.78729530690731	4.98598212648138	4.7877192001963	-1.62919595702301
"50"	50	0.222510236788281	0.286579645626272	0.44881279320818	0.447134894061054	0.246205329102254	0.266010451804355	0.280398593519264	0.450397750488783	0.199350538211702	0.226433007235832	5.05205623111048	0.677239309205151	-1.14370358005239	5.4872551891868
"51"	51	0.295833370561454	0.329167077440178	0.226461708724067	0.345746364995099	0.250309744747667	0.533333184460142	0.245833336038488	0.358333333331426	0.245833333333339	0.391666666666667	3.77028368691959	3.75444176533762	5.83501851572527	7.51184147271508
"52"	52	0.249114017290996	0.26000595957931	0.40121361962716	0.501649474890727	0.427734230798278	0.276987212280348	0.0922626572224005	0.175940883920316	0.453947924362161	0.217268276678657	4.34756014931522	2.21846796132748	2.48964537867473	0.722369479685378
"53"	53	0.304167687365428	0.229688428503752	0.238999330952966	0.314954224511725	0.235877266053347	0.421463457123892	0.309011991837423	0.348985200743512	0.384553095753882	0.396381241851234	3.14281116813955	7.24881162851977	5.78404338949057	2.45206306536838
"54"	54	0.361029202194048	0.507133874180823	0.303248983161978	0.221626822722606	0.179803248184741	0.195844318267015	0.21250042427307	0.370833335687589	0.44583333327618	0.32083333333316	3.27614623768791	1.34889400349148	3.71824725058601	6.80807578540373
"55"	55	0.328815396437091	0.37257131034319	0.308780315779188	0.312492243188341	0.314655528498698	0.44868921916099	0.322134288963253	0.326674615690131	0.204682504889666	0.101529299621086	3.43530641771571	5.28780924519195	-2.33673769173758	1.11920801659693
"56"	56	0.426777213263701	0.338510008236397	0.404465400015065	0.470566597696503	0.353374278201161	0.372480537840759	0.385635594703042	0.399513989425277	0.291555933545407	0.314265810695204	3.96809483797155	2.72844219260058	5.89765705045111	0.0650929509100002
"57"	57	0.233715926442494	0.221243253049205	0.310288311567535	0.263601282739567	0.432100193256928	0.329513436370445	0.166670965278732	0.245833352074866	0.204166666781912	0.125000000001931	4.70706833523059	2.78558304163898	4.91688567385848	4.08823876094172
"58"	58	0.300001195233108	0.220850867241134	0.412976075289876	0.400173972652991	0.341988105880443	0.180995832348272	0.287627305296652	0.425006232765371	0.200000249251303	0.304166676477517	3.99967270052872	4.65245211381557	4.93741119513501	3.35274311397747
"59"	59	0.512108960066203	0.370502954254169	0.438087759879772	0.391149517878041	0.22367427119096	0.233250613483881	0.34444543795245	0.31722441622202	0.462541171605765	0.284911115620399	2.82396167316172	3.69717021594422	0.644492221550162	4.93855080024447
"60"	60	0.246638794815017	0.349446631491246	0.399922613222393	0.413319514646272	0.409481063294039	0.419726664175629	0.305694508949843	0.166730393724051	0.306024941135709	0.400601527640589	4.42780244254652	3.50659264023622	1.31515976222958	-0.93306069677437
"61"	61	0.17105503878913	0.321536216977139	0.353448950046794	0.305122306485624	0.362498692177912	0.1208334228728	0.158333333942497	0.250000000018846	0.33750000000002	0.379166666666667	2.68613198072032	1.73307421885781	4.41289529230958	-4.78274422609401
"62"	62	0.268619672941096	0.258407959442032	0.187500119585112	0.266666668243501	0.200000000003647	0.104166666666698	0.220833333333334	0.433333333333333	0.1625	0.129166666666667	0.988108187972702	-0.0288603358156383	8.23103389974034	4.91715865551202
"63"	63	0.338425663694945	0.264813996289783	0.381029687241461	0.31845406097366	0.318014846815046	0.306074304301577	0.387605499575934	0.0728213333496378	0.290923818766435	0.0709757970079065	5.27780348295252	4.46892804950356	1.24049036411246	-3.86012073716111
"64"	64	0.421611835863891	0.370125057721576	0.396716632753387	0.361955919236647	0.529233027967953	0.327215627017705	0.446825593787032	0.456506725461046	0.374359450925924	0.339692655140828	5.17712307950985	1.73539605224718	-0.274637761601562	0.586320785337271
"65"	65	0.644156703520461	0.529766855689169	0.484856260047487	0.516517873503992	0.343283428134573	0.369267807619652	0.46967436459852	0.263056718384992	0.244467121652213	0.346722892814463	2.28234523241313	1.92103239678505	-0.344445318881999	0.581519866440465
"66"	66	0.391209249523422	0.462632812691233	0.526747338509619	0.453358692252674	0.499015228777891	0.441206865432748	0.314032682740599	0.40446198720936	0.251888969387364	0.305092714535674	3.55463126650583	3.61223465366167	-0.337066352456678	-0.503643919235047
"67"	67	0.310847512556065	0.155170253537281	0.278774593368451	0.209916964869273	0.266244849449938	0.416950214479388	0.361215710890055	0.258110051011372	0.24270853298504	0.141961215503933	3.19073038578165	6.65940945427396	1.12177985128033	2.74377177401486
"68"	68	0.339095022942732	0.298598189465226	0.41999942803307	0.294934106942868	0.307139808671826	0.339950660280161	0.441312287944178	0.303637518296524	0.300397075871574	0.318578754041809	5.50035871476422	1.84412175716428	-4.37503132273752	-0.359837803577712
"69"	69	0.387067792675083	0.357533220330419	0.246099611916189	0.200746411094469	0.241981515700251	0.304346969418194	0.366675486642574	0.304169291737414	0.212500608240222	0.329166804665958	1.88431583212834	1.25921233030571	1.84796610757802	-7.17048794054474
"70"	70	0.392211013678028	0.339964803548445	0.36534924178053	0.208472568518363	0.311054702381355	0.208333363799664	0.258333333437754	0.454166666667114	0.287500000000015	0.345833333333333	4.70308918194863	2.30572869927319	12.332911756135	-4.6397852444049
"71"	71	0.14618102828691	0.183351246229714	0.221982741084073	0.1228950047908	0.356844902339931	0.229642011376855	0.175010746789927	0.187500104269084	0.175000002751647	0.208333333371023	0.465676780920646	4.4042672755913	-10.8122251762083	4.16540368272228
"72"	72	0.434034665681708	0.513376824124379	0.500418559898751	0.417762256710199	0.444195634990976	0.383399994056178	0.238350487748653	0.321563070262261	0.28900200875256	0.338748468429654	3.13350548997142	0.405137876081371	-0.151608273735921	-0.356559589811289
"73"	73	0.145867283620634	0.212741008761987	0.209775777780513	0.25452250477293	0.253798499765598	0.231216866673341	0.110717299679045	0.123089281511951	0.279638159526067	0.245896204577732	5.72197881222627	5.29162003734989	2.01598344450826	9.47981426999473
"74"	74	0.150664562609888	0.234711035783387	0.183485561727807	0.272371843551373	0.208426313235435	0.266827372882322	0.300002502188533	0.42500005750914	0.170833340904826	0.333333333482682	3.46960029902047	-0.93044392016981	3.19762508355929	3.42990055749456
"75"	75	0.390627832838818	0.25566557528387	0.283759283791285	0.437528323247895	0.0994998509338792	0.188050037851905	0.0970159644333926	0.225301914473657	0.325065689282228	0.283343007906292	3.17098184841609	3.77087543374915	-1.44559450624004	3.64165991684467
"76"	76	0.346101351707169	0.374480396140416	0.443062011326599	0.524497002879744	0.319495651958675	0.411987585825669	0.323022988805667	0.359465120179084	0.262130031022207	0.470626848277268	3.86899251982099	2.56240809811519	0.0140151672999878	0.943076765903418
"77"	77	0.233392381137756	0.200052181270831	0.329951426394689	0.330109151554505	0.276056624507272	0.327411571615445	0.241724593440396	0.312503745114477	0.258333541326085	0.279166675449331	4.60797601400814	-0.23720035078244	3.20917593161521	7.41920537379076
"78"	78	0.291667914030951	0.200888722664371	0.197274200114705	0.212231416235367	0.227144027738528	0.154204819311975	0.37499996125808	0.145833341446595	0.408333333370777	0.22916666666738	3.93655779020094	0.979136194003976	4.36680198472619	-4.56325801686178
"79"	79	0.338197725373423	0.235258237321812	0.178409904583141	0.269044486233106	0.480703896147422	0.370160089176345	0.253912746821949	0.287901670533548	0.370900587059835	0.26667531458242	5.63623597044177	4.47914849009151	4.57351496418855	-1.98612182707026
"80"	80	0.233334979601566	0.175132430906316	0.134515434660357	0.258815885239469	0.340733701931333	0.383444412408565	0.406477003799716	0.358117349399084	0.283216267688116	0.216988886772952	6.8278231787942	8.72740161500246	1.55300474638465	-1.90157608847797
"81"	81	0.4475263515071	0.356814566668058	0.238702017756921	0.367486261408612	0.359524776600912	0.244150848107583	0.314353064916885	0.342516662259819	0.14399127300275	0.287751548541003	2.15379242096516	3.9547689308316	-0.791008721216337	11.4373507279438
"82"	82	0.254825826807619	0.400439646040442	0.327601770215736	0.490647550036524	0.324295044767167	0.229576080711723	0.275996305497185	0.282885312695829	0.133294261206817	0.124344414490772	3.32110615831961	4.31094272396113	-0.402270411756122	-6.13055608603228
"83"	83	0.34999209843751	0.234643096795995	0.465584672446347	0.321435797350347	0.382383705214643	0.356626414136253	0.257940536171124	0.128564189112336	0.102369295881278	0.146539793477003	1.93256163749472	5.62366874661404	-0.90277983169008	1.55372071789479
"84"	84	0.31999718173854	0.351070930884405	0.148815077882169	0.386182082713311	0.363407982131318	0.252859486203574	0.425583184461138	0.233410556091793	0.229203540466784	0.316680314905399	0.426880975378918	2.26388889779358	1.41543766929907	-1.39760929096692
"85"	85	0.175004575578982	0.325182242975663	0.27236719333413	0.243381851433874	0.348224538279836	0.401878172707242	0.416731972158745	0.504168580285647	0.183333399593252	0.233333337087591	3.33712755871825	4.38341143804002	7.80984532417088	3.36317134739029
"86"	86	0.100000283427275	0.258336476077136	0.129308249848987	0.36605463725946	0.324742006539336	0.24656543817994	0.380717604189094	0.287859705307877	0.170850669350197	0.46249995107643	4.17968958623288	5.66397609816779	-7.57547726450173	3.09772455476123
"87"	87	0.277601242755447	0.38998664115115	0.393756816116068	0.273842533723495	0.339056298216664	0.351919024130404	0.616315238625153	0.387819609189015	0.396874065038074	0.385297414354787	2.94250499505651	5.7606383061778	1.67904605709296	0.286678765593386
"88"	88	0.166688785364048	0.325233836110656	0.173626330453021	0.412340899874544	0.346720699058157	0.221653560778978	0.266161685354974	0.141838402987702	0.283338828911919	0.154166919866051	4.33076547748295	5.80426616342746	-2.69519481601253	-3.48094616096174
"89"	89	0.217038043641717	0.380572638159429	0.290091398993675	0.28761902403013	0.320835150665393	0.283333366171623	0.437500000826128	0.1666666666792	0.220833333333479	0.450000000000002	2.07806276102869	1.80046800270639	4.48020289900377	3.95144004003168
"90"	90	0.392509930031493	0.233327932383621	0.402739225603214	0.413614870961248	0.273414912763867	0.399453204638921	0.228084412239005	0.405024555695963	0.31139402830491	0.295421558605927	3.441776026766	4.31003341530615	-4.35484876373349	-0.608052899747308
"91"	91	0.249291240133214	0.404804628348922	0.504086656941397	0.336041942590101	0.343800542284157	0.501400745950243	0.343262648845487	0.247186552122691	0.361065497470884	0.336538568178076	5.76684868647473	6.51484347786601	6.81387838910757	-0.111753389687522
"92"	92	0.354673412238535	0.344229395370202	0.139793037727362	0.191409830196082	0.510635937160853	0.307618897819348	0.242271699005692	0.266897335853769	0.10422503329556	0.354164215642696	2.27828936038149	0.383704981570433	1.31400109254967	-2.36755311815581
"93"	93	0.267121409630021	0.122650274467689	0.152290797391503	0.381952814266153	0.379700431785533	0.425306011855466	0.44661548738919	0.351456849742378	0.193769136642723	0.382609170459271	6.08586762907329	6.19228551229083	1.36135784207584	11.0313116851363
"94"	94	0.333393737984408	0.31712397773353	0.330826239802687	0.289988316959103	0.336362690602338	0.338113085276244	0.304195663702139	0.216670427031316	0.495833272666017	0.237500014681255	4.14385017479163	-0.492361810811665	2.80512911204534	6.79687754885758
"95"	95	0.333333333573183	0.0750003310287513	0.296107081941178	0.31082270685957	0.274445726592496	0.271033100934288	0.157195499308381	0.125005183777522	0.333333381777206	0.462500000377243	5.94998023265989	4.13191909122172	-4.67295079861722	-6.43843486582331
"96"	96	0.176205346340085	0.20857599404461	0.336993909112041	0.335274910130999	0.315071730506887	0.150307127108028	0.226085950223289	0.262730803084266	0.250075902051978	0.287520200017943	2.29114941759296	1.33801570428779	-1.24055127037682	6.93898311287482
"97"	97	0.250891492023258	0.344326886490637	0.393817402441688	0.326354934257457	0.370819851211703	0.432997945587691	0.139170220324508	0.288291680192857	0.259122621943211	0.0670146001178027	5.66787543373829	2.94366272214716	1.59060043951271	1.11189090424731
"98"	98	0.40470984811546	0.112552431218028	0.263125141566721	0.252177438487434	0.283979558746852	0.459721355687496	0.21270896837173	0.250008578538036	0.304166819353165	0.245833351866936	4.79797021347594	0.249457106023621	-3.24020460966686	6.37080652383028
"99"	99	0.218501190843999	0.178751775947041	0.245385580434682	0.31676895045122	0.308336123975003	0.395833456457939	0.175000002135951	0.20416666670701	0.229166666668369	0.300000000000038	2.52178592051468	1.50931929587337	11.1817298774508	-3.48374035986942
"100"	100	0.418804252577462	0.486429071697848	0.40904083177573	0.57956454571748	0.307628376874581	0.254927434581823	0.472412821998959	0.359618027487106	0.195833338132775	0.249748508246572	1.81398948551122	4.66955051709722	-2.561208229221	-0.302783400020091
"101"	101	0.501840909180836	0.387341629089274	0.274759945135601	0.314645433336092	0.384325868893761	0.281145034839572	0.322130698102981	0.174197490032622	0.524911789820418	0.231872628235099	0.777626826371571	1.07155406409587	-0.139955792204104	10.3196483138324
"102"	102	0.231204134297703	0.243727017085321	0.247550852238941	0.408336412458992	0.23753948046726	0.245834132965561	0.412500421071167	0.312500609744325	0.358333625219264	0.441666735831186	2.56782873493846	-1.97135555133853	8.30404281709236	1.33451487772997
"103"	103	0.28053614300132	0.179596447067137	0.270294479791201	0.283834672316191	0.246002290258592	0.372415336500892	0.322569492737403	0.177028274121755	0.317038239928693	0.279383260825463	3.96812156393663	0.939890450589654	1.19203320988586	-2.48947486165612
"104"	104	0.25416722488558	0.279261843943255	0.108459116195135	0.353166626656633	0.199803208621834	0.335818882293782	0.206626091589634	0.359300244760564	0.295823378540716	0.187500290643255	6.28999435403972	3.67047192171569	3.40027769653208	5.20370917882415
"105"	105	0.417946525582938	0.370186436223481	0.290025835729137	0.271322208928867	0.164115776991735	0.481967727130629	0.277051364876973	0.173048351728489	0.174729732622453	0.260468099521417	0.438396192449137	0.142200272211562	3.7772050685191	-0.500951952580201
"106"	106	0.18750049356539	0.200084563300316	0.227336997373496	0.375201351294394	0.278844504884044	0.175367471836247	0.454174984235668	0.120833388012364	0.262500002036886	0.175000000034777	3.22231089474768	4.20598354277417	7.50043262133697	3.98320553980438
"107"	107	0.12334163879301	0.249756061778664	0.258527794950748	0.474146502109997	0.316219501068155	0.20310442692091	0.271061151034776	0.208375240369174	0.275001902416413	0.387500242867011	1.58886379531851	3.80571980347972	3.07330507836559	-2.28148274571905
"108"	108	0.298896894262814	0.329917638162219	0.166782603042128	0.316330572671158	0.411570417171542	0.344393106287201	0.223623625612549	0.136042831699511	0.480731272746247	0.239671411315743	0.222714683251946	6.31872293679256	-0.502257355015785	2.41590370953252
"109"	109	0.41894567058037	0.337086990675379	0.298668634029067	0.334874644416185	0.264424070341756	0.31232054235135	0.197005741853515	0.441672628339706	0.387499907560237	0.0833334637323531	5.12364210924836	1.49833302954464	-3.09725917738396	-1.85387269787196
"110"	110	0.279166730932838	0.233334325064821	0.162704211630418	0.276110049890249	0.292089944959489	0.393814231759236	0.24700505821505	0.341731197778016	0.295835889193685	0.308333531599885	3.85430441881987	5.62397948234608	8.73638528443764	3.38322098827448
"111"	111	0.305238257974783	0.332278891157505	0.39094112189622	0.205024330695189	0.312954371615258	0.207280039354942	0.351924827555099	0.336196526539962	0.291765965920785	0.165600551748319	7.50901395708327	2.94506036523131	-1.02222509383637	3.31820989801002
"112"	112	0.271587956828755	0.448859908710177	0.291730122043689	0.185930623252053	0.122350735906867	0.171424702472107	0.263033661029287	0.282592083416524	0.146225160905961	0.0842034814221506	7.11191508801274	2.19291788859885	-2.16296482308669	-1.71260415002237
"113"	113	0.406396197261599	0.279420241193804	0.467923332843877	0.255844972420122	0.396052336188411	0.25482851604314	0.142456577072619	0.154545839083968	0.214961901309518	0.42218131539291	4.45928859108794	2.15238009944274	-0.538509748180096	1.87402381240666
"114"	114	0.391675633379569	0.25463077212325	0.270104837218275	0.395217302007189	0.29589760058165	0.234473568243033	0.300058115039268	0.162501263748838	0.183333395123003	0.0875000007782857	4.36803903030346	3.68069412470857	-3.37219393259971	-4.1832269886369
"115"	115	0.505333038465437	0.362446514747079	0.382846339804707	0.540915585577305	0.369941467514908	0.296606720329854	0.287733870910375	0.272715145450497	0.295851355633058	0.296950307393104	5.12010833124223	1.29903653744641	0.437394133410886	0.657507365925488
"116"	116	0.270881411331538	0.358333473251589	0.408621660963144	0.417045471964185	0.429196746433803	0.216666680504296	0.225000000005349	0.3	0.204166666666667	0.320833333333333	-0.488948661231139	3.78935804803255	6.12237278933952	7.77130978912783
"117"	117	0.350123891494704	0.192879421386642	0.235773518931242	0.213797787545285	0.343922473476	0.309018194208899	0.258604342083156	0.300783568834048	0.244394810039133	0.421356623336136	7.77728497802639	5.73090060521147	-3.76259966528533	1.6469842067898
"118"	118	0.133444191145182	0.386877020316717	0.245950255400187	0.234991392357505	0.189148059524257	0.329166762096434	0.291666666677944	0.237500000000004	0.204166666666667	0.333333333333333	4.37467909519289	2.09478903700161	8.724888620398	7.48152745507018
"119"	119	0.255482518938654	0.499149088029502	0.26587790276838	0.229195548358547	0.158333885773726	0.24166667638013	0.262499999961216	0.279166666667521	0.220833333333453	0.308333333333334	1.82121517236911	1.47803914327692	4.06855818022523	4.3620720153555
"120"	120	0.0958334439450843	0.233335837641732	0.0880476096975043	0.182999895852375	0.463432652186357	0.305284250321514	0.191836462259136	0.183335880158251	0.500000018934109	0.333333333625274	4.7316661203598	5.21030951964065	3.9959345485203	-4.4722440815681
"121"	121	0.104187738390146	0.251221766846558	0.322688458464826	0.381305900644773	0.328759826115364	0.268238689379619	0.233369610060636	0.395833333333333	0.316666788568045	0.233333336584447	3.24749822787667	3.9756506019283	8.96980229981917	3.07767109235537
"122"	122	0.1963449041294	0.308054552727282	0.465863134042054	0.175726178157828	0.300361523579552	0.340453298638676	0.224306766440979	0.314835717461279	0.254783202375255	0.229326555819868	3.00452893665699	3.443644232852	3.4996649730881	-1.21691796276457
"123"	123	0.337509468873016	0.344802601211565	0.206630974761697	0.324352058795139	0.207441229606987	0.300673682628707	0.0501166865367153	0.350002002039305	0.304166720725576	0.304166668186808	4.6183429190521	2.42265709456865	3.40421753187954	6.98319153405258
"124"	124	0.492522210153631	0.329868209193668	0.384328958010537	0.392714392028154	0.33435956924935	0.292865804405398	0.396098314220281	0.45558782656846	0.245780200193999	0.456536187494527	3.39119072709811	5.10136805683887	3.10930617160042	-0.0162411556811004
"125"	125	0.337370438339053	0.282258173098901	0.180334765834409	0.365273040792783	0.255870744401202	0.321341068050016	0.455640541710158	0.228825830792548	0.190617078446153	0.125617372982019	3.69837941452637	6.27694227934359	-2.43097588938357	1.7799066620521
"126"	126	0.175001186581896	0.169246562753706	0.128130364434652	0.356123223921606	0.259765220572763	0.191756355174487	0.312502146254224	0.370833312813409	0.100000000274659	0.400000000001876	4.55321126106438	2.54199972917945	4.6500943850466	8.15315832232941
"127"	127	0.220844125035396	0.275588588123034	0.406188213472525	0.156269367239547	0.291891431900586	0.382340166267519	0.25477615503267	0.420834176583446	0.279166666934803	0.15000000000064	6.08176509455	3.16912363676916	6.95517253441645	-4.98270544350965
"128"	128	0.316666667440528	0.320833489009096	0.158350510013151	0.219309241558182	0.465736269189279	0.206447992370411	0.358356436788726	0.179166819337378	0.295833335659368	0.133333333344237	5.03354546266657	5.00436174167186	4.87782935356067	-5.5692579200964
"129"	129	0.28112355822114	0.271214450770356	0.384446742846618	0.233478176315612	0.366672136836365	0.22500010241337	0.300000001647752	0.154166666704843	0.179166666667868	0.212500000000034	0.523832528324347	1.77395604637936	5.47976562745892	-3.65960220451277
"130"	130	0.262865384734722	0.214253009316161	0.278774469909266	0.370273191425709	0.247069347774611	0.180914407732836	0.116742544782795	0.200964846889305	0.112619614664254	0.312519328217201	4.06424465679298	4.77168130577671	3.07875875157877	1.95576581121592
"131"	131	0.304166816132004	0.125000084517927	0.245836635465103	0.19173891486157	0.0840567755906086	0.284969096036958	0.420981050748419	0.441024761146272	0.400121437985011	0.404178330887006	-0.754046528991417	6.7809818445073	8.25214629685817	-3.15468019004202
"132"	132	0.291666708573714	0.225001797852923	0.100053652234848	0.227009822145802	0.338726805491497	0.318332869653545	0.211487911096946	0.433407608237236	0.19167044355344	0.145833437728884	5.46443020491663	5.54870940434549	5.15836929010914	3.47014944089471
"133"	133	0.356540673864684	0.426919548256622	0.268904843640702	0.290849018600187	0.180152133769841	0.337291043373077	0.317207425450848	0.325991051966134	0.397397380183755	0.23958687868141	1.74628075757998	6.75430504225043	2.70596949484871	0.544529710849431
"134"	134	0.356785214949746	0.213736253356295	0.333555351504155	0.246714669888822	0.125347055599032	0.324921100348457	0.37402255182525	0.247912359650065	0.158554394216839	0.333344762850707	0.855605132372116	6.19213512775356	3.53125660713376	-2.60617837592458
"135"	135	0.316666669502045	0.308333643372686	0.254172648429208	0.212633088686581	0.279867662636371	0.515655189110202	0.425594464669181	0.22865999169193	0.149259227543961	0.258380785583213	7.14466596136724	6.02757608841506	-2.72153296513297	4.37159198688206
"136"	136	0.257184010760395	0.455895312878571	0.45929825928248	0.389078090088206	0.332881656170421	0.385782630711892	0.318444734258242	0.244891088747718	0.300480089513563	0.183465889412222	1.94005172346529	3.52831962188722	7.00187063075487	1.1546690870178
"137"	137	0.406050628655438	0.409443473356239	0.287263510550613	0.303793390531705	0.4443054794392	0.358436818343003	0.275269691925635	0.357343083816584	0.333355608360126	0.158496163894945	2.5326980306334	-0.214364446694659	-0.462778680082036	2.02526597725332
"138"	138	0.295707189241644	0.355355361018451	0.379363013906382	0.33882251574322	0.226421372205344	0.270933683192954	0.254168716559423	0.275000049533669	0.212500002673082	0.3125000001431	3.51544534564613	1.48362843261564	3.23748156660763	3.63259851595442
"139"	139	0.408478665806464	0.303658170905354	0.189517331563044	0.513111468109014	0.493383813629135	0.272959707895963	0.476668347789971	0.363226033781532	0.46160745016589	0.137468402311187	4.02436188669858	5.25421813554231	-2.62527155916428	0.231136213591513
"140"	140	0.144908312720056	0.363765482766393	0.396374500749635	0.496611192542156	0.202930400394672	0.191438828774531	0.245447313394491	0.169627728402438	0.154909197362274	0.217449951785735	8.29457045316428	2.93671201943521	2.43247887893531	-1.64342445884588
"141"	141	0.278488721730116	0.277299815899759	0.264046598725163	0.278225875839678	0.572963422693467	0.318780620680595	0.258097793526692	0.244574105244732	0.369639536497614	0.385462115960747	5.45548115835934	4.96086085949105	-0.723579864274641	3.80153547483725
"142"	142	0.156914702070151	0.342712222448552	0.345833859057289	0.31892977900796	0.527662916584727	0.321777355619205	0.311814209676304	0.269685195076064	0.455476024976169	0.282937656826476	4.51547785042807	4.44166869898676	8.98585762070357	0.579795116237927
"143"	143	0.313186936072619	0.325617874105221	0.188932741630354	0.33730240658031	0.327068995587848	0.373160168801553	0.164513894581342	0.184276464972184	0.327705265506672	0.135601879477262	6.16621667500929	3.17497430123043	-5.00788279285086	-0.625630571246614
"144"	144	0.204682894136853	0.264253533644403	0.437019589903277	0.184473061282509	0.480413267220707	0.595630392879736	0.444843976435673	0.313093105953272	0.341922403580529	0.290034511597165	7.05760293246079	5.9309015977058	2.05991856586459	1.38064919612546
"145"	145	0.241678401855725	0.316742577667164	0.232626616884883	0.137646303334164	0.397485900000519	0.121003542098658	0.213369526042513	0.300088146995777	0.320835755353533	0.187500131003354	4.73683908776272	4.82946692871382	7.15494956835114	2.78361146094592
"146"	146	0.253395484904013	0.422653616445725	0.230078565482667	0.358335456483704	0.383333337095374	0.237500000014431	0.250000000000047	0.241666666666667	0.291666666666667	0.5125	2.13655708801882	1.85256821740161	7.66951412141081	-5.85188142801818
"147"	147	0.241666667714067	0.308333515908273	0.283606766242168	0.298820179756327	0.403997084233938	0.29588692999873	0.266679190326098	0.170833609700961	0.283333335749694	0.162500000009132	4.27413202892737	5.27142717084054	6.02715942200196	5.1988388127411
"148"	148	0.300000179696665	0.258335114822949	0.325081795593566	0.424632293746033	0.172408410596116	0.413056271944315	0.290777819030057	0.298202610689237	0.0715909330571249	0.333347061327409	5.79682490406373	7.21487147935408	-3.10861541104593	3.56235361252079
"149"	149	0.29290365452839	0.299276375810192	0.208163828450639	0.434954686387112	0.42787103774692	0.470275334649703	0.305148543761768	0.344904557226581	0.338805134894871	0.247810027947792	5.40676791070915	4.85432537915513	-6.40419187790792	0.361167991515644
"150"	150	0.343305079802321	0.226892862928341	0.301187915212577	0.247184994319608	0.261951529549725	0.347589490320182	0.409123689469746	0.375929986091102	0.151486014600105	0.258710615141002	4.55526659265047	6.53739859341349	-1.15179046930355	8.55554966021654
"151"	151	0.16801562208765	0.189059787284712	0.512300951118389	0.315608687296227	0.339660456592682	0.284532674333172	0.2628350593395	0.108445211615099	0.3041783308741	0.320836069049836	2.78205789426469	3.02658151583764	1.56796078155486	5.61394656527644
"152"	152	0.17343046916184	0.431839077540421	0.426345421454061	0.54225367644665	0.496746393312	0.464847910148337	0.442191515223225	0.329237701555948	0.367454562334188	0.336002579178723	4.11981343260943	2.69819359660065	0.990439917569295	0.432887500769716
"153"	153	0.262500035701881	0.187504849358846	0.466640940597608	0.24227725129701	0.229218790611251	0.230234997293111	0.283051887188353	0.387647045882661	0.395765147383079	0.179173609269443	6.14052881037929	6.39749360700737	2.83196473292006	5.54925174777921
"154"	154	0.2303309847836	0.461061173427703	0.215483886868812	0.373112544309887	0.422952457761944	0.398143795763569	0.307522905627601	0.235478788706253	0.427030557874712	0.246296158565387	4.44600304692294	5.34540929333938	-0.145207168154104	5.17655326762116
"155"	155	0.476958743250874	0.382662858675629	0.431124658688524	0.35432159323119	0.395803185925767	0.491004880547589	0.338363275030389	0.336754734295316	0.307390782774553	0.311051283931253	7.69336201959642	3.86706411943397	0.398495593813967	0.693258019928764
"156"	156	0.150005598956852	0.145885335572967	0.329770293206449	0.16250452826653	0.426216660238533	0.207364834523112	0.363822531099543	0.325319967269223	0.332992351133864	0.300738239183276	4.81251138983357	6.60958193801244	-7.58238415299893	-1.94113196431455
"157"	157	0.462257473169028	0.363361397579142	0.480866469893076	0.318244815303307	0.263174246770684	0.558905936310242	0.191851402575059	0.31250487311512	0.245833911356388	0.262500187338347	3.36896227270019	4.08240441902916	2.11927971052609	3.88215749045423
"158"	158	0.23758220777676	0.466112454351591	0.340689748513144	0.395400065661229	0.416369272204165	0.231021520833176	0.445001097374678	0.197449915254152	0.311424176592242	0.166824721387876	6.58834068219806	3.6680115986807	-1.22571392865873	4.61995363001384
"159"	159	0.342095611650478	0.326035391362797	0.292396401904404	0.247312245554923	0.415990827214399	0.339398765553011	0.30351733625482	0.187791607678582	0.130694423823322	0.305002230123829	6.53565522607054	3.16352028226809	-5.35700637671801	-0.535859168929552
"160"	160	0.294233334224929	0.267346265159277	0.341616474758044	0.330539658306447	0.257063647449592	0.293036026114721	0.366170373042992	0.367691484791139	0.238425024426664	0.303682116524802	4.66264158463054	4.51958654283902	10.6276222584719	0.331935712614193
"161"	161	0.233904848445516	0.324949441186935	0.418604932661975	0.304089813046618	0.436057451030248	0.235256962712643	0.272551522888381	0.366347947113274	0.257562185236636	0.310081355345197	1.7238244639099	3.25505205529845	8.67397798313035	0.77767838968574
"162"	162	0.154179877566742	0.225040169986859	0.308823230772992	0.307818866313182	0.430821889472343	0.417379863567921	0.256735342423815	0.269267591564715	0.242782034170616	0.366867856460826	5.18703918146221	6.06404068013847	3.7794146816823	-2.0026332306464
"163"	163	0.4875	0.295833333333333	0.175	0.308333333333339	0.308333333315227	0.212500239405606	0.150262801125645	0.152639819789094	0.187691614503532	0.304166672670171	7.68907938352613	8.30136443261756	8.42494222999524	10.8673564210645
"164"	164	0.558716525618173	0.296517942297942	0.181118204732139	0.369789472217465	0.401815776286462	0.34116257564133	0.26781997325721	0.245818012838569	0.197224208391599	0.212100216605259	4.4452460075278	2.4706303855993	5.04470020677593	0.489875789620881
"165"	165	0.162593086975907	0.321211782478672	0.216562997848787	0.253823576424045	0.414508043462652	0.445737099689879	0.488972988408456	0.239054323958163	0.4369754510254	0.301340676935891	4.74946177091051	6.37472572410406	2.69820751578415	-1.57091728678537
"166"	166	0.502776722969252	0.37269503794036	0.200966983937036	0.346021910941879	0.316863077849641	0.170881164088432	0.316673354180505	0.308333937152106	0.183333533233639	0.245833377634869	0.741932646744154	1.05345940336895	1.71159443890954	13.7482169193896
"167"	167	0.0775192048320467	0.416341197238484	0.374870172707658	0.237386562940529	0.192893106713235	0.266145166019585	0.306264728149748	0.141202436387438	0.163753251652745	0.150345587548455	6.66040909501093	3.78467176371394	5.12685623762879	-1.13480237652854
"168"	168	0.262396885649377	0.246725379795868	0.360691982755068	0.391309259375901	0.377717496340922	0.513200886476943	0.11975787220967	0.403596407754904	0.244154007647994	0.325995372958808	1.5766840754473	4.73140000338687	10.0520695076996	-1.22500508330116
"169"	169	0.258450111586552	0.259748800539199	0.197155351834753	0.304166666722141	0.270211827989034	0.41632980902515	0.249958654989594	0.201390314284866	0.237776999076828	0.262528637400293	7.67287299900157	4.99037719203622	6.02418318541497	-1.93792202255637
"170"	170	0.137500005842883	0.379167089482097	0.266672492232329	0.200111082612662	0.192108204133135	0.334192908933158	0.443549502344717	0.149547570535026	0.213014721574871	0.212518499174736	6.60479080020924	6.81729153850928	6.49542160427627	3.0087462851337
"171"	171	0.27249342562498	0.283622288690408	0.302457442916829	0.270383130318669	0.0948330365125094	0.265870667552693	0.211113229289385	0.218486740496615	0.252803912892186	0.24995193233002	8.0378752858023	1.92091772381906	-1.33838897198913	0.870107121748005
"172"	172	0.183963992957901	0.372086862750848	0.270182116054763	0.263928609337509	0.299737749133954	0.171041582752401	0.212506804996476	0.275000187701647	0.362500006212727	0.150000000562282	3.57248800362583	0.283628474375229	-3.18511096429269	-6.48941191654348
"173"	173	0.229634846201442	0.40359885827365	0.241692705361431	0.487012992281494	0.187698058118893	0.250000256772478	0.37916666687881	0.195833333336287	0.358333333333357	0.333333333333334	1.99288549203754	3.90421706284941	4.26621063835289	6.95054246536694
"174"	174	0.326285338518682	0.261898678392851	0.334158244093974	0.429008067378971	0.308431647176898	0.175015877678565	0.229167585395657	0.400000002778806	0.204166672112099	0.141666667000613	2.44598891961229	0.776662155388156	-2.75869774632588	3.36760711826697
"175"	175	0.164402336575239	0.317970819404367	0.356357285626566	0.32745389524674	0.415523299890626	0.231495592875645	0.240532782059726	0.362823497466946	0.200062352957844	0.208355180181075	5.062563237094	4.01742703869431	4.44785394050386	-1.74193769609405
"176"	176	0.381521730147292	0.395157505293144	0.172337772797585	0.304503627306438	0.228615814919504	0.347469929496879	0.265488091049798	0.392332048051308	0.143175956565741	0.470917807577839	2.94716530522016	6.54226134774541	0.806330574482584	5.06793530742059
"177"	177	0.225000000000001	0.183333333333695	0.145833333501796	0.279166735031627	0.166703782357561	0.113793203307255	0.423796698185798	0.220959867069854	0.20000027184836	0.216666667946969	6.71873093986852	6.53149646545041	5.99665582571907	-6.22167486009026
"178"	178	0.315495042390189	0.587901633681206	0.268269548399288	0.304025520448684	0.234889795314987	0.20176960933903	0.279127218363829	0.256898218252074	0.344061372984644	0.14624037004374	0.455914966233905	2.34902675061181	13.4088627295929	0.829904088420928
"179"	179	0.212589560029433	0.0960656839363054	0.237929297652355	0.118350003137542	0.295742451944877	0.34353513845657	0.305162963923213	0.216518048733287	0.278091613436374	0.233725833938346	6.18502139910445	-0.56417122462546	-1.78035816338371	-5.84454118898506
"180"	180	0.175407396764786	0.280324888827168	0.32103907847286	0.206518732446233	0.334912450136058	0.193387873947641	0.252386713810733	0.171330950544547	0.222006837353916	0.213545742890582	2.23292528104832	8.71174990156483	-1.49950837573101	-2.82576876029469
"181"	181	0.225000102131681	0.325008422552671	0.0755285379416966	0.223040436936851	0.257219919270653	0.389113394081785	0.227458261797399	0.150025130633426	0.22500006483929	0.358333333487247	6.30464863989682	4.62938158320416	5.78235395518701	4.20478098557528
"182"	182	0.320833333451804	0.187500031080666	0.341670687358699	0.266828844056641	0.376775596179908	0.335040036677423	0.24847082779276	0.205234420653791	0.183334317301655	0.112500001488191	5.59072614508742	7.09539992131513	4.61416832381659	6.79710732153434
"183"	183	0.212343235295169	0.462702628560847	0.172268226045598	0.275006559548295	0.412500047284451	0.195833334621429	0.312500000008775	0.237500000000018	0.35	0.308333333333333	1.81575651235113	1.89412788622765	4.7013511701139	-7.67384307764317
"184"	184	0.425428227384138	0.386535693589854	0.486927892380684	0.289226021424072	0.232657314263334	0.241412194016944	0.262276338348645	0.190887029340135	0.152815003420436	0.203441300221986	0.497505053369003	2.64637113639965	0.319268651598085	-1.39867449286965
"185"	185	0.292176294672291	0.35385881911508	0.201929289757311	0.250844070541183	0.24567869132087	0.272497151465224	0.256368381528757	0.155964511801621	0.246613215357823	0.12104311965979	4.94820545981503	2.31769693544552	1.31657213718117	3.98491042096449
"186"	186	0.261303392051887	0.475030295548929	0.174300010665403	0.133785787672744	0.350068626952842	0.220741172228743	0.350343053700173	0.179595245268079	0.262500922329866	0.304166676056611	6.68574856712295	0.477212006513795	5.22660111286748	-1.84389552033828
"187"	187	0.176656149773371	0.184831155555193	0.445565464911573	0.172196353141603	0.306378189462868	0.354182291663736	0.300000687096464	0.250000067193376	0.308333337190475	0.300000000188941	4.59802724758301	2.31203158096711	8.01887030765633	2.7931041509017
"188"	188	0.3044664301909	0.191682510383696	0.167489799525983	0.248115290466822	0.24304374767146	0.191818586657753	0.116675470036059	0.21250007443852	0.395833334497755	0.258333333353369	4.38578559436572	0.470779639753504	4.15774935841693	7.76096122990967
"189"	189	0.456842515386259	0.237013305781787	0.32887035214947	0.339336322720928	0.200991403211699	0.229311597543722	0.316721587814479	0.420835060786906	0.150002308882502	0.204167901024739	0.739042394146164	0.538192971722086	-1.31937330065972	-4.69927247077257
"190"	190	0.252511696205332	0.308932689753945	0.405286919286115	0.297567470836229	0.299901019239467	0.378554094915242	0.460206936397317	0.2217487055495	0.101751522630504	0.287578127107784	6.84613689357867	6.28086139295104	4.55317674926907	-0.904098072418773
"191"	191	0.181346441693911	0.275049478293737	0.314131094809092	0.257246753944021	0.245836806704777	0.320478334361549	0.390932913570543	0.209033313092621	0.466666666762101	0.195839773613623	5.28458978462639	0.294302649680303	2.35955000149504	2.56275585266178
"192"	192	0.308333333623664	0.204166693815376	0.150002429570624	0.225045427653577	0.197445118656352	0.262394884856732	0.261219652686866	0.208612446368334	0.420827572689697	0.191666960062172	6.2605368046775	6.66585988163693	-3.71138638008857	8.69975188568143
"193"	193	0.337197423970205	0.3319776229046	0.41564325764347	0.216244891209366	0.341413589266306	0.287488293738126	0.283337527439049	0.125001060325436	0.350000208137259	0.35833332227877	2.01314811672176	3.2943369785919	2.06631410584021	4.76513768160738
"194"	194	0.44116343875851	0.471217653362788	0.240217102169003	0.291973586925906	0.104628838416334	0.259236349975281	0.318166713477252	0.134617524673156	0.213654444592721	0.171602076030237	5.85783678423416	1.07512110034579	2.21213090889481	-0.731726228429611
"195"	195	0.325855237799738	0.499631075986965	0.44730193063024	0.287773961897792	0.367642091590527	0.364837793010083	0.479224072300976	0.268493444220551	0.287056186540998	0.288537442627432	1.78578146344062	3.83508158377962	6.70508656908844	-0.199192387769514
"196"	196	0.302652225360211	0.502739514566426	0.429830374668284	0.365535326463621	0.366434522366753	0.156149336652013	0.312257344306863	0.199030965787028	0.163643638830277	0.262798232944002	5.96737231337379	2.671996973112	5.67544498978314	-0.970731034007485
"197"	197	0.287500013410668	0.170833754400048	0.0958659437621063	0.372189127631535	0.412960307859103	0.471068496540553	0.313962003678896	0.54167422100723	0.36250004534236	0.266666667892485	5.87070640300279	5.32329970792011	5.14101730989288	4.08724722041751
"198"	198	0.388371068956342	0.339023695202458	0.238103113048044	0.412000426707357	0.495015312726099	0.423411865479616	0.442194325231477	0.448923317638233	0.354155549891806	0.408151990128304	4.30134105862405	6.70992637823482	-0.00938987629514365	-1.16304989870908
"199"	199	0.151826171784331	0.469160107768127	0.370213957124544	0.295366299156647	0.338681403018071	0.392504589355855	0.510276925438622	0.32924941239366	0.364764790352237	0.366893004525499	2.67411453329907	4.82351459525121	7.57347145368852	0.374205776512476
"200"	200	0.390842059687716	0.303325981315079	0.490651751035565	0.394392819227866	0.306845966244479	0.275502777829711	0.274332488614079	0.201510561883862	0.291040709961496	0.29817073667696	2.75669577433498	3.35920131249296	4.77888596064669	0.850761714052661
"201"	201	0.392752824521497	0.29167140671144	0.391987214630593	0.276153390628704	0.220836788091991	0.329166666847861	0.208333333333356	0.2375	0.204166666666667	0.35	0.962268289994725	3.75516789487985	10.2670856091723	9.54554740134033
"202"	202	0.461525131873892	0.172316926244865	0.240317375031767	0.261628962666379	0.334632626810507	0.338004699633392	0.180225380542327	0.274660105918194	0.330163902567757	0.266942868309248	0.379604157888598	2.38190655893766	1.82554174617806	0.917486276718708
"203"	203	0.18737603219178	0.221150581963173	0.517645814351873	0.400629315566794	0.243206333224621	0.267089060098194	0.100132747318075	0.170850958203287	0.125002824067586	0.141667319330658	2.76930202227189	3.26810756706293	1.87032264144483	3.97941677458374
"204"	204	0.291666700962197	0.258333616085095	0.212511946619662	0.20435137787155	0.214628977125052	0.396933162884571	0.242206881289373	0.236730974120169	0.187657944549522	0.499998338666568	6.46227142544286	6.00647405664382	2.96863901797035	-3.85118009958824
"205"	205	0.338119207931656	0.233747055466297	0.288733134208572	0.279569689241897	0.470640965188934	0.427387474453031	0.114032861443502	0.150091233060501	0.262506793873607	0.229167277969954	3.55334322209735	5.04361518006299	2.07769478164049	3.02262609793347
"206"	206	0.35079165813883	0.482854766482226	0.274556027884536	0.287699378432501	0.233389331432624	0.187501452788952	0.329166817798584	0.300000008354355	0.187500000357949	0.175000000015963	2.59439205862375	1.89967900925027	6.02774048222455	2.95599178828917
"207"	207	0.128048730160784	0.243565248612618	0.320838846986032	0.112816223649943	0.326143541465654	0.376140279899727	0.295908746942304	0.333333645045363	0.162500001564304	0.212500000004486	1.28897978967766	5.31444512628298	6.85316075933542	5.2946396576966
"208"	208	0.314158055614497	0.298262641961256	0.305694940557891	0.336614066367794	0.393965940805572	0.410579993043177	0.400251425082379	0.514606412789857	0.366852780931296	0.21563639360479	2.88058990024362	5.40090828952585	8.03467457304908	-0.452769005491442
"209"	209	0.267720801831229	0.239351251220549	0.343716476017679	0.334985275371962	0.318573657261482	0.437374047652178	0.333305923046484	0.362501452584926	0.312500016834552	0.262500000462462	4.48007226546711	2.48079747439512	-3.47683609488496	4.28344653342403
"210"	210	0.38603415371648	0.158333333333333	0.354166410116324	0.233333444920688	0.137500013252338	0.291666677882772	0.187501541597849	0.312664362510279	0.218429825687371	0.348103221967072	-0.177018352775071	9.5951750244063	3.39749178259205	4.93789623514569
"211"	211	0.396979697099085	0.463672859470411	0.11145139374433	0.222219467386924	0.438275882297881	0.196015805445068	0.383349335858692	0.22500644266186	0.116667554294262	0.275000197079661	2.00880596848219	1.26590512902149	-4.80485059997883	1.67200031078781
"212"	212	0.355320993801142	0.468681273910237	0.284071858991578	0.189951753925491	0.397677592055325	0.291180862293018	0.194342927852566	0.361672606555702	0.250655354859766	0.255251510461922	4.92248624662741	1.22188638685652	3.52522980916528	-0.407616959104076
"213"	213	0.233947410679476	0.105324140062314	0.210565638814832	0.291653887445999	0.176548513439914	0.265610372242577	0.213181752041336	0.229197950156922	0.145848024310465	0.208334510774421	4.00020741659212	5.98658121540208	1.9849337886305	-7.80186557757855
"214"	214	0.282227745175585	0.279126312552416	0.266217820712221	0.338130580985414	0.237920495955626	0.241468291314333	0.420873338035713	0.35000488319319	0.162500352292768	0.216666762991284	2.73129922351047	5.66710563348585	2.03860882232259	7.14102353686047
"215"	215	0.122712043291392	0.317088576288914	0.436785909145071	0.329488376337734	0.263652035406724	0.233552180302857	0.237535890300169	0.291668433270708	0.291666923032803	0.33333335429201	2.35490360205569	3.38111348780984	2.16483469535155	2.73008409604639
"216"	216	0.213561888745909	0.232390732976757	0.241524193538226	0.381035811736562	0.2365744021667	0.35490469096512	0.490990366821188	0.262934354338845	0.158374177561404	0.325006399092535	5.2814776247302	4.04267645836611	5.71460373655074	-1.85369278992787
"217"	217	0.258037600981399	0.393151022365222	0.436887670284511	0.339667493687727	0.245046322744857	0.446675154546361	0.470581498399405	0.278820563106007	0.324054549168012	0.215422292869444	3.54146341278953	4.87888668215208	-4.38313336354705	-0.51967028351996
"218"	218	0.346468436304652	0.341727499723282	0.46336244731905	0.484712861372576	0.407030895648202	0.509254446682371	0.542922095916243	0.411964677819342	0.443079421826855	0.378876693377626	3.89678950163611	6.74735308655449	-0.0234481664052302	0.303344597280591
"219"	219	0.307429505695926	0.310522979106914	0.314308783149073	0.36869859158421	0.304306135937213	0.296244836213273	0.382911767279014	0.455334066288851	0.293418852845125	0.415512739648369	5.4333159027734	4.3632994523319	0.975731551931122	5.64335989542874
"220"	220	0.308361100183153	0.387194936274119	0.432990126307529	0.205840875745725	0.273407165220452	0.353869158984002	0.230198481069187	0.234075031000528	0.345835766783876	0.325000031883098	3.45221335440343	6.19409569316536	-3.78745142009212	3.64171306831629
"221"	221	0.305727715543289	0.222604873491155	0.413150757071216	0.375216352482023	0.446574184852081	0.474908210647592	0.47970317940537	0.302000356693401	0.397449071606016	0.276398146082261	5.78932175571896	5.034785080544	-0.0348549572088861	-0.973959706315864
"222"	222	0.249765723589238	0.25910163068173	0.184432624264965	0.257512206193476	0.206136773682408	0.335212272099292	0.226906939648103	0.288000883105982	0.358347390310867	0.212500804135718	1.78624123403579	5.69004625186971	-3.56522572300972	3.04346772085217
"223"	223	0.148251452785538	0.416342681835761	0.224286633826907	0.193685313503213	0.447115302151439	0.366194212893798	0.423194749788547	0.449940459926774	0.231456982887196	0.37339561997127	7.0837220395229	5.42796357186197	0.548110701883815	10.472351754074
"224"	224	0.294892873284837	0.194219941213084	0.204472603501593	0.502824367460264	0.491829730478324	0.312178203761729	0.307290426226787	0.30021156876967	0.258540448424973	0.233392792045881	3.45393032844832	5.27740801058093	1.3283639175496	2.71416944149975
"225"	225	0.222738969289615	0.192678429791743	0.366626549355319	0.396716577640433	0.326289802462609	0.423647419418596	0.259348064428529	0.179358150933494	0.26250581965849	0.166666784084323	1.60565352088304	5.67207616471308	-3.99016315752957	-3.43326649821459
"226"	226	0.337499986423635	0.166671227894863	0.196082149382089	0.0763000375775504	0.28389922599908	0.271463897337072	0.305276933783524	0.318047296637652	0.22166954043526	0.358357680211444	6.59062015263348	4.3317659268665	2.44040814073504	5.84672515691931
"227"	227	0.313474054667122	0.550626397600255	0.231256527008052	0.339375235416305	0.294965209914265	0.276034846547224	0.325282005607269	0.336202653832335	0.292068407112246	0.38433821608956	4.14162355867443	2.01974003310416	-0.235417055729726	-10.6868911207691
"228"	228	0.381504285431147	0.29514870774458	0.459825086079917	0.333930756329195	0.40634691601139	0.28139453364059	0.41150631138816	0.346366297816729	0.330896998244381	0.198580497504231	-1.17353798379446	5.57661056452469	4.85395975834822	1.05891963053111
"229"	229	0.337043926761324	0.287250285814846	0.17615413518591	0.27504406883261	0.230206212365807	0.0834170295887913	0.170858608683508	0.24583961329172	0.220833775775426	0.204166759868545	3.78589386319388	1.56426723252442	6.01771078723976	-1.81990707193077
"230"	230	0.336291359090984	0.445162975749715	0.431398785851893	0.464837124893707	0.456801081510908	0.310659618486926	0.182404100227413	0.317116275882946	0.179966113099787	0.189517012205838	4.04692237026513	4.93269355278251	0.404771371117686	-2.73311585610771
"231"	231	0.390901425948757	0.181562548115284	0.289117151689932	0.402359028044326	0.225755009890822	0.446011497673978	0.448806946221121	0.317028418027299	0.414426397855582	0.241061099029952	7.16628244215102	5.44479176593377	4.45559327245553	0.398041773501888
"232"	232	0.354542156544806	0.265595912409658	0.174714039014569	0.149182055234801	0.338413152634326	0.193385800574986	0.305848193818598	0.271150277107474	0.045860079506314	0.212503358550091	5.3409106108172	0.843260515328026	2.55087722099466	1.4611911850898
"233"	233	0.320586395351413	0.2293489349446	0.425745659772342	0.370063646174547	0.392676036344555	0.370970594095825	0.251019305055989	0.328503884470443	0.247912407850637	0.116457600152489	6.25177649962591	3.37244831090513	-0.76336062958265	1.61725446203386
"234"	234	0.246525087559199	0.28363179806668	0.288676442580638	0.218429237794479	0.170898827083491	0.195837471380964	0.470833426782792	0.350000007838646	0.18333333368738	0.291666666688808	2.51817722514482	2.24420808255847	6.35561058683915	-3.09739336107583
"235"	235	0.466008983595743	0.457306421744991	0.266960644472206	0.228606249495077	0.272309922261682	0.415999254478772	0.208785791931096	0.308592655438474	0.34593570548641	0.200050261420084	1.48229821409663	0.346733797514582	-0.999309417394001	-1.97384625779444
"236"	236	0.263710132854031	0.35757964467843	0.34579195009973	0.417068924747967	0.402266998266542	0.351213552663015	0.362673030533	0.600171134218917	0.330811702337717	0.0930878982956668	4.55917943038227	6.52089561952573	-2.24130314246227	0.302873161584273
"237"	237	0.341043258457677	0.404669158432392	0.252284356339204	0.352466494967304	0.246055646032303	0.285721605175856	0.135596946465154	0.404232094098724	0.100394357655889	0.30420537852549	1.36032741086589	4.29149547533678	0.956284673197936	5.44180830196224
"238"	238	0.145833333333399	0.191666666753034	0.250000129043469	0.117012262715045	0.397175568996889	0.371290610441506	0.300000344629061	0.150000000132339	0.295833333333402	0.183333333333333	4.94447889258011	5.02538004955709	8.16689736082934	7.32584741582417
"239"	239	0.36666649611825	0.320900835147883	0.326376782992707	0.276696060480482	0.239470208182968	0.0738022247643216	0.291667714224717	0.208333499768304	0.200000000917246	0.220833333347235	4.15270880723883	5.46317622532406	3.90166947537089	9.40595859773637
"240"	240	0.250969927099916	0.466188970105155	0.357243463861558	0.417336852312773	0.313416243592766	0.262502989722213	0.381095670512072	0.424699099162293	0.306153484092437	0.141633673452879	5.80168966957114	1.90628750489789	0.682083187355852	2.99308932248694
"241"	241	0.282222923868559	0.240752314755465	0.10596771348809	0.420185571124442	0.180744551678307	0.404170598532258	0.237500136255648	0.275000001143163	0.34166666668743	0.158333333333503	3.78639457338546	0.572408459746772	4.58353835503463	-3.11035176009948
"242"	242	0.232112993408369	0.188526400597563	0.220007051507681	0.28545087264015	0.365903668286603	0.528460459994357	0.300661231590579	0.230739794341977	0.299640913131453	0.217918754650136	5.73979439744215	4.52521067484762	0.824980599217253	9.23376312205191
"243"	243	0.167895180237663	0.503030999671803	0.391601703066195	0.357126620840809	0.463366028837722	0.385496051951969	0.447495189796853	0.304784154728288	0.330467511997004	0.338892112083147	3.524518398242	5.71321100495961	2.55474767602567	0.273871847015959
"244"	244	0.254303952599437	0.285694586586334	0.380142020154484	0.389336914113448	0.140239916000225	0.270859605928359	0.22083382572553	0.133333345707719	0.229166666777845	0.287500000002494	3.0192181066825	3.92516719032259	-3.93946180811815	4.28808655347417
"245"	245	0.226329053349577	0.34267583809495	0.442803650735669	0.356360207851186	0.505789678611326	0.477073028963217	0.301802182388336	0.44051352864422	0.348111263050939	0.155507420393088	5.03047135715485	3.45635073397029	1.20671292060284	-0.344245595625497
"246"	246	0.187500661570658	0.321125820820992	0.225489458059667	0.219288498774874	0.221231037453831	0.303857955166967	0.208552320973219	0.435840531891494	0.222015182471692	0.0961836495781397	7.37027815985549	3.520646579709	2.67690188413955	5.01496910811645
"247"	247	0.39262403373987	0.441191410479103	0.430702710274428	0.301007222713284	0.266175357533762	0.283434180203843	0.504664037734136	0.284286794342956	0.305335936481859	0.335777473002316	0.808746974486168	4.09414207692028	4.67960489190153	0.575499487661452
"248"	248	0.233558871040806	0.209925633159485	0.302092547431495	0.317942747430154	0.295690830139041	0.422239961531676	0.269505607676302	0.288319965600934	0.250078326557871	0.329172978061464	7.02160567744442	4.75754288768092	7.71381293657575	-2.03175318554508
"249"	249	0.291670929264663	0.263122494872116	0.406465105890844	0.354223905044785	0.15913861561167	0.267364647966546	0.14583577790731	0.129166672534403	0.233333333396455	0.283333333333579	4.90674862014616	3.56651026295703	-5.62412986035659	-4.34896299974656
"250"	250	0.351872685055281	0.28987595343661	0.26332028299146	0.445833505832383	0.157179691000326	0.394725215413452	0.139341661071862	0.250033211426603	0.254167107872294	0.325000004253031	5.95350351155265	1.13042622139728	4.40827160917793	3.39252339870363
"251"	251	0.30847538778275	0.226454003222031	0.312853256831118	0.249304669689534	0.234792809866692	0.188279714623618	0.217697880952419	0.239693828972529	0.432480476148221	0.208491981102428	5.94187328973185	3.24033388463291	1.55512464340137	4.98379080807339
"252"	252	0.230709612911628	0.323440009763315	0.427322718105203	0.213974039914581	0.243702421740588	0.267053158826713	0.254214946100621	0.33334305520675	0.275005155674379	0.129167063543855	3.2152590751478	1.60939807222948	-3.89199918795414	-1.59915628038374
"253"	253	0.454410997214509	0.317267383830317	0.263694262197801	0.373034019067824	0.230941189308804	0.232114922884627	0.316798817047841	0.283362498086987	0.162502254895103	0.266666581393414	3.70396458959654	5.36040295332905	2.17387320091545	-5.08550543403158
"254"	254	0.384246212454346	0.185924456813853	0.477088940651395	0.401519007604053	0.394075989158768	0.242127171947576	0.292684092466037	0.262353269700077	0.142042891499556	0.312579940870611	4.5910775369176	3.3826373801588	-1.50546591986881	3.74893479422845
"255"	255	0.420833417471326	0.229302955932819	0.257116720991315	0.204953112958029	0.33968196017499	0.179671080342129	0.350000512900592	0.170833333964163	0.141666666667617	0.216666666666667	5.17980653535769	3.11883643014171	7.03727657844326	7.44747511132761
"256"	256	0.266935910140929	0.47303136053869	0.416294948237426	0.448628879263421	0.352757913962402	0.438743661811358	0.270321544600042	0.299204500981301	0.255899036320646	0.348146736674876	5.80007828682156	2.80641417760027	-0.126311969360524	2.18517724163559
"257"	257	0.241319007527873	0.440590029870014	0.349372299911852	0.32161681890726	0.361604540451176	0.372492384463018	0.48214512287815	0.40222886639575	0.426155609088655	0.340160074119919	5.01744062325413	6.74199328177281	0.11006980970614	1.75792221042126
"258"	258	0.164413188084433	0.315440432625456	0.101837561548357	0.22747709454579	0.145896168775601	0.158333995732515	0.283333336153061	0.204166666694299	0.208333333333677	0.387500000000004	1.88925964978312	3.62485872446851	-3.93731966545538	5.59692843206538
"259"	259	0.286808277792194	0.269765738372975	0.326930200203718	0.552431680877777	0.151056315869567	0.282410199001092	0.283333333333473	0.281081966689989	0.0801486756585772	0.212695023075634	3.13603525393731	3.6022125138484	-0.925974390145158	8.59344865541494
"260"	260	0.265290494053264	0.44335652691463	0.333403229448146	0.210053040865624	0.333406027132094	0.228236081721168	0.206950416864292	0.410109561725819	0.129480310574726	0.283383188697421	1.3152931907558	6.26819896096024	6.76738255538684	-2.46881799702854
"261"	261	0.297590341306244	0.135239275292221	0.448240140742642	0.337680617400401	0.187475250421097	0.310683289125223	0.241209550170894	0.193884954486667	0.224145633079321	0.216621364123736	10.0289453882835	5.43505552391734	4.70879864306582	0.97315010690691
"262"	262	0.414375551737483	0.444341033038563	0.454943745371146	0.366048307936022	0.450452541636219	0.274903726747448	0.512759973460165	0.366358586270473	0.193611081511848	0.320833333333333	3.51538533137057	6.27023975597888	10.5420800417537	0.0213751352178826
"263"	263	0.127331514352868	0.349285547580836	0.290398630711983	0.256175493523116	0.326785882005404	0.212841591926946	0.204222152013417	0.254172468182588	0.370833609679907	0.237500045399647	-0.409337711270464	3.37309578961929	4.03416475653928	-2.4251917450951
"264"	264	0.357851984732827	0.323939113344447	0.220781208856332	0.236618564309615	0.108062247890485	0.295021522183997	0.391873278026461	0.304270447389489	0.137555159659127	0.308349293956823	0.466440506872686	2.63613991599416	-1.05213704003695	4.52817391159492
"265"	265	0.335359159916096	0.538666617774402	0.474255230988167	0.34702138215487	0.439877622033284	0.313193396068251	0.25001692408445	0.341667479757006	0.313900986324716	0.357788739240753	2.04925075291639	3.67400304219241	-2.08595272988059	0.100131841551031
"266"	266	0.315343058183215	0.228928402569156	0.289557920286508	0.405043230044002	0.325232173754211	0.212575884258151	0.261761921472018	0.164241175317091	0.26692306552017	0.269661515050544	2.19693851970866	3.73131978940647	0.326356933662495	6.12772929335041
"267"	267	0.476258966682419	0.364650177153982	0.519999283577379	0.45391494199864	0.495919237846982	0.461440712236797	0.464537241721551	0.414214674384716	0.48400979979561	0.431626582562166	4.90062681970096	5.61254324223258	-0.0146119530101205	0.27359498908227
"268"	268	0.247143579802018	0.194221453395405	0.488736335058325	0.300729424910641	0.158381658772471	0.245837311689705	0.129166736693123	0.166666667898851	0.437500000024852	0.275000000000859	-0.45767204851159	3.07234170980488	2.807445691708	3.96204717934878
"269"	269	0.138092430374416	0.300680309385168	0.332356101317342	0.10838399883379	0.43750000410743	0.0916666666692223	0.320833333333333	0.241666666666667	0.175	0.2625	2.98349663046025	1.8061330620068	8.54515713787001	8.35713855179609
"270"	270	0.334589376164467	0.478766038349616	0.471003665387695	0.467231342495465	0.201281384724799	0.196940869679893	0.191836825734137	0.158363620719107	0.304172612786473	0.145834301652992	1.924026836405	2.75806826057427	1.64621408320958	1.99612516166358
"271"	271	0.36856807332854	0.286065295094832	0.394629599978219	0.481399960018152	0.371468469278383	0.226820623844766	0.388042473305781	0.161283304794118	0.427137089664933	0.29002563242349	4.05904562205973	3.05713975010481	-0.720371191297867	0.695801405873499
"272"	272	0.425314850494843	0.385000911872724	0.216508351549009	0.378589601696791	0.251776296014205	0.300300219454006	0.325008023333113	0.204171077085682	0.316667231683537	0.30833340269983	3.81004566722119	1.67127149048126	3.54981531324205	1.86919096482313
"273"	273	0.363194721986027	0.414653121904995	0.41903172722862	0.386425464397158	0.286591318285423	0.304166671348599	0.299299854660225	0.243282421038206	0.291902859198167	0.346733440076172	6.22637353614403	2.67260849660484	0.0850536899078258	-5.62595408179794
"274"	274	0.288297206038873	0.337534776886012	0.233333641254027	0.204168196229256	0.371315684511423	0.176014731709011	0.183333415595727	0.345833333348909	0.483333333333333	0.279166666666667	-0.452892724882645	5.33904174546721	3.47483175737081	9.16024361369247
"275"	275	0.475523604401525	0.431078686127763	0.295471647529283	0.24286756382036	0.274877261875152	0.277062622547141	0.349550423378671	0.168424520333047	0.184729221759253	0.3628534991823	0.453787706481781	0.488381499091703	0.225880646268388	-0.517787546603206
"276"	276	0.291667764223577	0.141893932603928	0.482394385038937	0.296670619821186	0.15833438180691	0.187500001667193	0.287500000002232	0.162500000000003	0.204166666666667	0.358333333333333	-1.20469523505565	3.09055314998733	4.70293357302692	-6.6851141913429
"277"	277	0.229244901840978	0.430481740661586	0.177705315218448	0.410241404636774	0.348037966746147	0.303665699957756	0.225199602478805	0.375044916004525	0.225006909122832	0.312499867297862	4.66263422445072	2.02463640447087	2.53544031531771	-4.42877640021395
"278"	278	0.158336820089737	0.312654143792916	0.138942940981639	0.346604199989899	0.264335329792962	0.313108617876729	0.191681927539818	0.26666728782184	0.266666679775676	0.129166666946145	4.27210195351659	4.17937857538093	8.57684454125495	3.60696774686912
"279"	279	0.356899691425561	0.448561237567168	0.41956082375381	0.524748523458763	0.479604390045206	0.415472599513799	0.298039433865054	0.416266046753765	0.274603191330226	0.382433567642942	3.59735779504535	5.21101481649156	-0.441967411141505	0.568705514286935
"280"	280	0.270833715584804	0.370841338511089	0.354583206473937	0.147667339251608	0.460086995346928	0.344952428867786	0.329900616299476	0.254189075689488	0.291667821233461	0.320833361965605	5.25257212843274	5.10688920585595	4.48902330706239	3.39501485217377
"281"	281	0.334069811397822	0.235460445191892	0.127875887832096	0.424212394904426	0.290421460854993	0.258745922190596	0.415756966320882	0.257987629830164	0.17375156217688	0.354109855868381	7.02394388618212	7.01096213772841	-2.17501529414592	-1.06089544555379
"282"	282	0.443013423262299	0.393914102931057	0.262610816432579	0.288539388193565	0.236329466815365	0.331051383553439	0.229390051542924	0.204188110967883	0.241695305000958	0.0916712191678799	0.582274899249803	5.51215987066287	-1.16894822327979	7.1497334258763
"283"	283	0.136965592744946	0.487160734019269	0.42651824376127	0.362330601829493	0.177539777116951	0.333241964781911	0.407834726794638	0.159276664540377	0.325276322748636	0.166689686469033	4.95047665756407	0.503119318163961	-1.75500462564432	-2.87269448568134
"284"	284	0.292879617463234	0.418062460559099	0.479716299211945	0.373305277605917	0.237871505007471	0.400628819687363	0.538840987849825	0.383019238021446	0.454580098119139	0.298793892485556	4.29256435299923	2.25383840026041	7.89809316445854	-0.661397411033712
"285"	285	0.0791667329618264	0.27083548229002	0.298194389687312	0.296172307860164	0.227321920147191	0.407953161202114	0.483813840311636	0.129879356969776	0.379194406637801	0.2833351519133	6.07283035358189	2.839053779155	3.01264117145923	15.8205052853219
"286"	286	0.321884779990666	0.305752911550663	0.259096842071666	0.291242118210874	0.226158797515395	0.400850216710765	0.200781232645454	0.316838127058809	0.133368985662732	0.425003562625582	1.97822047989804	3.63537760266516	1.49779921344508	1.80371130308233
"287"	287	0.137522486716029	0.154823274116488	0.293975435094117	0.396417026287865	0.427418529758523	0.285901536041978	0.256777371677346	0.237537331824356	0.366679457860099	0.308333383621414	5.02953862394039	3.93009962265995	2.50095606699288	3.51795523543561
"288"	288	0.282713195866736	0.417828928506832	0.330639036847221	0.284839571978623	0.231893822214937	0.33292717485701	0.327664078765461	0.261367571120087	0.421131519147875	0.315882709721349	2.83776302245818	8.77360910897828	-1.0495859534538	3.23604524178189
"289"	289	0.265314280017004	0.271894279457234	0.395269932402717	0.290542524383921	0.25848564170612	0.241772729515404	0.158349144419007	0.116669378076094	0.250000300479792	0.287500021465084	1.75708380298772	3.0659958214886	1.90135461111723	4.99461971936272
"290"	290	0.34175936144162	0.570118182912926	0.33629481418845	0.281670702506833	0.349474875337814	0.216778324246053	0.170836399922456	0.112500101039583	0.270833333666241	0.391666666798291	3.26407767345563	3.60212640444725	7.91162153590366	3.4128177104993
"291"	291	0.392867295875189	0.497506927388792	0.351747878396252	0.200033212804147	0.312500132560714	0.225207466257894	0.243744710740958	0.237087206002414	0.15301360599124	0.144124424673751	5.95728078675979	1.80789995045316	1.14089835175962	4.77364332898592
"292"	292	0.153120795498117	0.594621829827777	0.551125314371365	0.393502915515727	0.410275296972871	0.171869534446845	0.47064025259161	0.338065775933106	0.134219455407243	0.204772002123049	2.28339325223927	2.94626406088565	1.85260622764969	0.942305893144508
"293"	293	0.260572873197531	0.228715333786585	0.283347473539896	0.27321995342024	0.462500000000001	0.170067565879288	0.237536296654183	0.391666876383206	0.27500000128581	0.40416666667581	1.50028942942139	5.08872293796719	9.4069390846065	5.02026025679606
"294"	294	0.395833643076656	0.437516140583738	0.304385601525404	0.228972254229653	0.276143855268692	0.457614836154194	0.275922379327776	0.424379031668951	0.337624262814869	0.487493290217726	6.12687001298058	5.57250673787181	2.35142482354375	3.25820808085054
"295"	295	0.212944388507456	0.336951927839162	0.268773307783383	0.400126228113441	0.359743095759271	0.352684879991518	0.17126776337853	0.520961534836181	0.475314297325695	0.162512785725566	2.81451985464147	6.72819114043526	-1.79619053848139	3.24473033561126
"296"	296	0.405592098264644	0.239490227991341	0.44772401451391	0.489244222488357	0.415661675042934	0.419774089333809	0.275764943453913	0.127383166886805	0.210865310456874	0.369813157271265	3.46851277993336	4.19903243581459	0.535811955623308	1.34792517014218
"297"	297	0.224060490947844	0.351094938506512	0.327892493211126	0.325761240343858	0.155105209415417	0.200166092383447	0.362518787181632	0.225001991888614	0.300000469293643	0.204166683251609	2.80285241934363	1.75900451302406	9.60493193353782	1.95643974283565
"298"	298	0.187500177320523	0.175008462732739	0.250450234936703	0.210932041553608	0.191029338413808	0.290650581103575	0.0959764261110789	0.225006129782771	0.245834841115185	0.0875284079832867	12.9109312526663	4.91324334796501	3.1681721780067	3.66482025469192
"299"	299	0.271204562029285	0.291726188375873	0.409462754696127	0.205828010123565	0.264732817432407	0.200906477025818	0.187511518672034	0.233333559621817	0.395833333767861	0.312500000022767	4.81542922946118	2.7816176276038	4.43981985087772	4.00523370727963
"300"	0	0.162500000000728	0.0833333337543652	0.133333422573185	0.216681805016065	0.485617889921737	0.57791671939768	0.154813530044943	0.204168553523407	0.416666664361668	0.237500000084741	5.84729174747228	6.06350515716538	5.35636103333187	8.47332452665443
