"instance"	"DN_HistogramMode_5"	"DN_HistogramMode_10"	"CO_f1ecac"	"CO_FirstMin_ac"	"CO_HistogramAMI_even_2_5"	"CO_trev_1_num"	"MD_hrv_classic_pnn40"	"SB_BinaryStats_mean_longstretch1"	"SB_TransitionMatrix_3ac_sumdiagcov"	"PD_PeriodicityWang_th0_01"	"CO_Embed2_Dist_tau_d_expfit_meandiff"	"IN_AutoMutualInfoStats_40_gaussian_fmmi"	"FC_LocalSimple_mean1_tauresrat"	"DN_OutlierInclude_p_001_mdrmd"	"DN_OutlierInclude_n_001_mdrmd"	"SP_Summaries_welch_rect_area_5_1"	"SB_BinaryStats_diff_longstretch0"	"SB_MotifThree_quantile_hh"	"SC_FluctAnal_2_rsrangefit_50_1_logi_prop_r1"	"SC_FluctAnal_2_dfa_50_1_2_logi_prop_r1"	"SP_Summaries_welch_rect_centroid"	"FC_LocalSimple_mean3_stderr"	"DN_Mean"	"DN_Spread_Std"	"state_Shift..dimension.1."	"state_Shift..dimension.2."	"state_Slope..dimension.1."	"state_Slope..dimension.2."
"1"	1	0.16803441214139	0.16803441214139	2	3	0.735621939758795	0.597147071421666	1	4	0.0625	0	0.177875170524775	1	1.5	0.1	-0.1	1.23259516440783e-33	4	1.88915916375402	0	0	1.17809724509625	1.45056826214344	5.88418203051333e-16	1	5.69945902330864	0.179938817622058	3.42183383080134	8.48628002450219
"2"	2	-0.597151119965465	-1.04528790274747	1	2	1.25548232517875	1.40502476341363	1	3	0.0625	2	0.318687342672096	3	0.5	0	0.4	1.23259516440783e-33	4	2.19722457733622	0	0	1.570796326795	1.36574427222537	1.11022302462516e-17	1	5.41053623095751	5.70009160832495	-5.35404009762492	2.76787147719077
"3"	3	-0.00753691573116066	-0.521900481005747	1	4	0.908908734898781	0.820720395228012	1	4	0.0625	0	0.28761675651719	5	0.5	-0.2	0.6	3.08148791101958e-34	3	1.73512645696292	0	0	1.570796326795	1.32787275693058	-1.22124532708767e-16	1	1.57994648752958	6.37488520105643	1.03789863418274	4.21933069937961
"4"	4	0.189764415255872	-0.742130077675231	1	2	0.735621939758795	-1.00024045357041	0.888888888888889	5	0.0493827160493827	0	0.248005537311091	2	1	-0.3	0.7	1.20370621524202e-34	3	1.67698777432242	0	0	1.570796326795	1.17636736141445	-1.0547118733939e-15	1	2.61235568666599	6.47805123577276	7.62276039219934	-3.08988695702752
"5"	5	1.04422134289797	0.887269603909293	1	1	0.974314752869349	0.639027609736201	1	4	0.0205761316872428	0	0.28397238836108	5	1	0.3	0	0	3	1.88915916375402	0	0	1.96349540849375	1.21676541266191	-1.02140518265514e-15	1	2.25508960301943	0.188678665785412	2.48316400187186	6.26020551459396
"6"	6	-0.907879929398665	-0.12378188495988	1	1	0.974314752869349	1.20193946161711	1	3	0.0123456790123457	0	0.324943116588058	1	1	-0.2	0.4	2.77333911991762e-33	3	2.04319187054512	0	0	1.96349540849375	0.951470588830672	-2.77555756156289e-16	1	4.35104882220082	2.7364007722713	0.880899361223055	7.5031237461072
"7"	7	-0.197829344329018	0.563634561084962	1	2	0.908908734898781	0.56859393515296	1	3	0.037037037037037	2	0.314400604198283	2	1	0.1	0.1	0	3	1.73512645696292	0	0	1.570796326795	1.43213379290382	3.10862446895044e-16	1	2.34523449619897	3.35677910658901	-3.82790171346251	-4.14366355848531
"8"	8	-0.681568021525718	-0.807599370799312	2	4	0.801027957729363	-0.394340643877027	0.888888888888889	5	0.111111111111111	0	0.166183908579295	1	0.666666666666667	-0.1	0.6	3.08148791101958e-34	4	1.73512645696292	0	0	0.7853981633975	1.35263821573972	-2.66453525910038e-16	1	3.49019154399663	4.94462813082805	-1.15488820640353	1.57643788477955
"9"	9	-0.675359579169359	0.177683643632785	1	3	0.627741162589377	-1.44047122533918	1	4	0.0416666666666667	0	0.311885597966529	3	0.5	0.1	0.3	7.70371977754894e-35	3	1.73512645696292	0	0	1.17809724509625	1.11055616316332	-4.21884749357559e-16	1	-0.0882175705186636	6.86878118374656	0.248151688232652	0.941690180724651
"10"	10	-0.207667106642302	-0.383740347289687	2	3	1.03972077083992	-0.371903926510969	1	5	0.0625	0	0.219867710027709	1	1	-0.1	0.4	7.70371977754894e-35	4	1.73512645696292	0	0	1.17809724509625	1.59909860002005	-2.83106871279415e-16	1	5.24420749639188	2.34672553418321	4.61374496662377	2.07916444089359
"11"	11	1.22078716445991	-0.250348343038265	1	1	1.2130075659799	1.7104169009688	0.888888888888889	2	0.0576131687242798	0	0.275116451814175	1	1	-0.4	0.4	1.23259516440783e-33	2	1.52295506753132	0	0	1.96349540849375	1.00713767969633	1.66533453693773e-16	1	0.596981515558794	5.71391487286792	4.30133835305121	7.85186692527831
"12"	12	-0.763214528435068	-0.598246986640646	1	1	0.604809903817658	-2.27172073231562	1	3	0.0329218106995885	0	0.327753384533689	2	1	-0.4	0.3	7.70371977754894e-35	3	1.73512645696292	0	0	2.3561944901925	0.725134074786255	2.44249065417534e-16	1	2.80524002419803	3.26360257120871	-3.10294315827269	-2.61036131100745
"13"	13	0.323291149544374	0.150758330403823	2	4	0.346573590279973	0.520381851766553	0.777777777777778	6	0.111111111111111	0	0.227557679306206	1	0.333333333333333	0	0.7	0	4	1.73512645696292	0	0	0.7853981633975	1.35545136185406	1.38257461035352e-16	1	3.22062914199467	2.46456819565371	0.843284894449825	0.479838104450196
"14"	14	-0.625558490822913	-0.467309275300123	1	4	0.661563238157982	-2.10234146166095	0.777777777777778	4	0.111111111111111	0	0.273741305889423	2	0.333333333333333	-0.4	0.5	2.77333911991762e-33	2	1.88915916375402	0	0	0.7853981633975	1.17654101248598	2.88657986402541e-16	1	1.78973335013568	2.8744386018836	-1.0745283478797	-1.70538724337387
"15"	15	-0.678093275535626	-0.514773454486636	1	2	0.670215921788226	-1.74625103982528	1	3	0.125	2	0.335211720107055	3	0.5	-0.3	0.4	3.08148791101958e-34	3	1.73512645696292	0	0	1.570796326795	1.12142859040796	1.77635683940025e-16	1	1.84361350755689	3.04933079832774	-5.67010753556831	-0.450081132572925
"16"	16	0.0273510257770222	0.202274754920708	1	1	0.908908734898781	0.498602150607427	1	6	0.0740740740740741	0	0.279787449119054	3	0.333333333333333	-0.2	0.4	0	3	1.67698777432242	0	0	1.570796326795	0.965784008912226	4.77395900588817e-16	1	7.87332235801051	5.5283448630853	-3.66520243905122	3.24953799891535
"17"	17	-0.735145497184127	-0.578232557154259	1	2	0.97431475286935	-2.69153938695928	0.888888888888889	3	0.104166666666667	0	0.276035340490966	3	0.5	0.4	0.05	7.70371977754894e-35	2	1.88915916375402	0	0	1.17809724509625	1.47782720312062	-5.77315972805081e-16	1	3.73259635600841	6.7277129432595	1.42873175388522	4.45763576576185
"18"	18	0.295625255268762	0.467527140969557	1	2	0.801027957729363	-1.18555512363542	1	4	0.0617283950617284	0	0.350650454259526	2	1	-0.1	0.4	0	3	1.52295506753132	0	0	1.96349540849375	1.03500542939389	4.71844785465692e-16	1	2.48326866056031	4.71734025092282	6.29670746158566	3.8935288489599
"19"	19	-0.254289407836688	-0.991729766149031	2	5	0.735621939758795	-0.0783429155408099	1	6	0.111111111111111	0	0.222029413212126	1	0.666666666666667	-0.1	0.8	7.70371977754894e-35	4	1.88915916375402	0	0	0.7853981633975	1.2555334954979	-6.66133814775094e-17	1	3.98790016914552	3.09364269915097	-8.46965835595352	-3.07537541310647
"20"	20	-0.96996327512068	-0.96996327512068	1	3	0.735621939758795	0.158145072499122	1	5	0.0740740740740741	0	0.245253825380091	1	0.333333333333333	0	0.1	1.23259516440783e-33	3	1.88915916375402	0	0	0.7853981633975	1.41092883613833	-1.60982338570648e-16	1	6.69867546145239	6.37917358792228	-0.681477442012095	-1.689023978796
"21"	21	-0.561063049825912	-0.384723014004275	1	1	1.03972077083992	-0.448359516029249	1	3	0.0205761316872428	0	0.268895154588945	2	1	0.2	-0.4	2.77333911991762e-33	2	1.88915916375402	0	0	1.570796326795	1.20338915025186	6.21724893790088e-16	1	2.90974385496697	5.73344727795009	3.04329153527271	5.12130681837962
"22"	22	-0.173979930119635	0.801051741489935	1	2	0.974314752869349	-0.637909685582173	0.888888888888889	5	0.125	2	0.244525749653292	2	0.5	0	0.8	4.81482486096809e-34	3	1.73512645696292	0	0	1.17809724509625	1.13535089132429	-4.21884749357559e-16	1	4.87528436703729	5.71906078222197	0.247231293183634	-1.72111383192055
"23"	23	-0.0386053488784378	-0.0386053488784379	2	2	0.908908734898781	-0.527070138953152	1	5	0.166666666666667	2	0.236059897831134	1	0.25	-0.3	0.8	6.24001301981464e-33	3	1.88915916375402	0	0	0.7853981633975	0.82503367728178	9.54791801177635e-16	1	6.18121927601828	2.00893649208778	2.62926646591661	-5.29217029139538
"24"	24	-0.0572150834724631	0.119528371208579	1	1	0.562335144618808	-1.34888587230556	1	4	0.0246913580246914	0	0.281520703101649	3	1	0	0.6	0	2	1.88915916375402	0	0	1.17809724509625	1.44301027747267	3.57353036051222e-16	1	4.14105386810104	3.09548691573618	4.03945352004406	0.817993742797207
"25"	25	-0.00620822989194003	-0.138839578958641	1	3	0.627741162589377	-0.360773085598584	1	5	0.111111111111111	0	0.258059479183581	1	0.333333333333333	-0.3	0.4	1.23259516440783e-33	4	1.73512645696292	0	0	0.7853981633975	1.08689064241856	-2.22044604925031e-16	1	2.46427654267815	2.62181736769228	6.35718727281899	2.29236139533991
"26"	26	-0.0440759025069068	-0.224074602673331	1	1	0.553682460988564	0.442532992939395	1	2	0.0576131687242798	0	0.318731962271965	2	1	-0.2	0.6	3.08148791101958e-34	3	1.52295506753132	0	0	1.96349540849375	1.27637578429179	1.11022302462516e-17	1	3.42963439409649	4.9245666368857	-6.79495195210678	2.30010907531312
"27"	27	-0.522344056221177	-0.69170938668185	1	2	1.03972077083992	1.29958421463148	1	3	0.00823045267489712	0	0.322898286539762	3	1	-0.05	0	6.93334779979405e-34	3	2.04319187054512	0	0	1.96349540849375	1.05588281755871	-3.88578058618805e-16	1	2.54975802646296	7.06256697146477	1.80844100595098	0.944898228230437
"28"	28	-0.15321083106072	0.648091112996565	1	4	0.866433975699932	0.561172027398353	1	6	0.111111111111111	0	0.239897164363653	2	0.333333333333333	-0.3	0.6	3.08148791101958e-34	5	1.88915916375402	0	0	0.7853981633975	1.10098566227042	-2.54657406273395e-16	1	3.94764695774875	-0.0180125858617739	-0.733427383488721	4.46837324809471
"29"	29	0.754412092776587	0.600801424060474	2	4	0.908908734898781	0.567164089445469	1	4	0.111111111111111	0	0.210316747539195	2	0.333333333333333	-0.2	0.8	1.23259516440783e-33	5	1.73512645696292	0	0	0.7853981633975	1.03259195549098	-1.33226762955019e-16	1	3.2400019604622	1.64627959296507	-0.188264615182371	2.20567961353232
"30"	30	0.124994036414633	0.280847689110277	1	1	0.627741162589377	-0.203160833915064	1	3	0.0329218106995885	0	0.333414014506529	1	1	0.3	-0.4	0	2	1.73512645696292	0	0	2.3561944901925	0.502767388157581	-2.33146835171283e-16	1	6.78373521517503	2.31972320651228	2.31324760832011	5.11019335213886
"31"	31	-0.418663334547061	-0.578919335282352	1	1	0.974314752869349	-3.31992566133535	1	3	0.0452674897119342	0	0.296160771363307	1	1	0.4	-0.1	1.23259516440783e-33	2	1.58109375017182	0	0	1.570796326795	1.55832259655405	4.32986979603811e-16	1	4.50112775223195	5.3062095539147	4.73793468931355	9.51329710834734
"32"	32	0.185918361125458	0.0191187484314399	1	3	1.08219553003877	-0.0976104940109326	1	5	0.125	0	0.227748656994622	3	1	-0.3	0.4	7.70371977754894e-35	4	1.88915916375402	0	0	1.17809724509625	1.30168112288099	-2.99760216648792e-16	1	2.69353190030721	3.37928883138522	8.64088234978544	-1.40084563211762
"33"	33	-0.854895194383162	-0.199581320163849	1	1	0.49692912664824	1.32487067463888	0.888888888888889	2	0.0329218106995885	0	0.289389776424207	1	1	0.6	-0.4	4.93038065763132e-33	2	1.73512645696292	0	0	1.570796326795	1.33561284152485	-1.55431223447522e-16	1	8.30639332756998	6.1543753936129	7.66422976655164	1.18688600311202
"34"	34	-0.372755630817386	0.274758668201426	1	2	0.627741162589377	-0.256259102370001	0.888888888888889	2	0.0625	0	0.255328919641155	2	0.5	0.8	-0.2	1.23259516440783e-33	3	1.88915916375402	0	0	1.17809724509625	1.10586509684164	-8.43769498715119e-16	1	3.54698267380221	8.47289798593423	-5.60494971182767	-0.1947238671229
"35"	35	0.848728970196769	0.970799012685081	1	1	0.735621939758795	0.862158678343492	0.888888888888889	4	0.0740740740740741	0	0.241416318013176	3	0.333333333333333	0.4	-0.5	3.08148791101958e-34	3	1.52295506753132	0	0	0.7853981633975	1.00555279342476	2.1094237467878e-16	1	8.68234171296275	3.51787579350149	-2.00382360979926	0.0027439349115046
"36"	36	0.794134047610053	0.643564738480212	1	1	0.801027957729363	-2.26025978625323	1	3	0.037037037037037	0	0.351178206225648	1	1	-0.1	0.2	0	2	1.73512645696292	0	0	1.96349540849375	0.763891656747693	1.77635683940025e-16	1	4.00993259944548	6.40002936371386	13.7841772618662	7.11041312818081
"37"	37	0.0579148193047068	0.0579148193047068	1	2	0.215761554338836	-0.826495941121131	0.888888888888889	3	0.125	0	0.353792515384887	2	0.5	-0.1	0.3	3.08148791101958e-34	3	1.67698777432242	0	0	1.17809724509625	1.3489321470482	2.22044604925031e-16	1	5.12542969751179	1.45543685289303	3.98985914789258	-1.66106737894323
"38"	38	-0.978593247300124	-0.547889333214171	1	4	0.562335144618808	-2.47302232962674	1	4	0.0625	0	0.302694988637036	1	0.5	0	0.6	1.92592994438724e-33	2	1.73512645696292	0	0	1.17809724509625	1.35744095340796	1.4432899320127e-16	1	4.467784482375	5.43097305738589	-2.70494654943288	-3.08343305538511
"39"	39	0.522688771620528	0.655378010417272	1	2	0.380395665848578	-0.979578187982388	0.888888888888889	8	0.0329218106995885	0	0.18898261887079	2	1	0.3	0.1	0	2	1.73512645696292	0	0	1.570796326795	1.01480822045075	0	1	6.58823010991991	3.05242086943911	1.35845162986445	6.04768986318701
"40"	40	-0.028416707165175	0.153309338033466	1	1	0.240930946277197	-2.28873652322006	0.888888888888889	3	0.0205761316872428	0	0.254327971080827	1	1	-0.4	0.6	0	3	1.88915916375402	0	0	1.96349540849375	1.14268281307312	-2.66453525910038e-16	1	3.21403437993319	3.36906293080075	6.38827529627914	-5.88321344554369
"41"	41	0.132395971407218	-0.460635740097995	1	1	0.908908734898781	0.472716850982805	1	4	0.037037037037037	0	0.29052300959945	1	1	0.1	0	1.23259516440783e-33	2	1.73512645696292	0	0	1.570796326795	1.56782186755299	2.4980018054066e-17	1	3.37665349666104	3.81699203473452	7.49597871597948	-4.1975806399746
"42"	42	-0.923085603399575	-0.0293829239124294	2	4	0.670215921788226	-0.234755712842493	1	5	0.111111111111111	2	0.214807036124075	1	0.666666666666667	-0.3	0.5	1.92592994438724e-35	4	1.88915916375402	0	0	0.7853981633975	1.07384751818626	-3.33066907387547e-16	1	3.46310615023888	3.26422120090414	1.0810847412013	1.4636998912876
"43"	43	0.648934262557342	0.0407226889125836	1	2	0.974314752869349	-3.05718151943623	1	3	0.0699588477366255	2	0.328403377667804	3	1	0.3	-0.1	6.93334779979405e-34	2	1.46481638489081	0	0	1.96349540849375	1.2835375163501	6.66133814775094e-17	1	4.90522725965449	3.10487365617963	3.56011110444159	3.19369403907567
"44"	44	0.0456969706442302	-1.31169604827091	1	1	1.2130075659799	0.315408079809529	1	3	0.0246913580246914	0	0.314902256975178	2	1	-0.1	0.1	2.77333911991762e-33	4	1.88915916375402	0	0	1.570796326795	1.30697142623003	2.66453525910038e-16	1	4.93100601605205	5.34221867686598	4.82015553063069	-1.67833506459476
"45"	45	-0.146810681043928	-0.324733737608457	1	2	0.735621939758795	-0.380127517176194	1	3	0.0625	0	0.218313414186013	1	1	0	0.7	3.08148791101958e-34	4	1.88915916375402	0	0	1.17809724509625	1.25966747215112	2.4980018054066e-17	1	0.7466299667316	5.61396014953037	2.02104781361598	0.0182439015399052
"46"	46	0.59429527822979	0.59429527822979	1	1	0.801027957729363	0.508441235926103	1	3	0.0452674897119342	2	0.318536610432597	1	1	0.3	-0.1	0	3	1.58109375017182	0	0	1.96349540849375	1.16385794319114	-1.55431223447522e-16	1	5.27609153629536	6.38222423781488	4.78351688692679	6.94592002967364
"47"	47	-0.891589922310205	-1.02801819577791	1	5	0.670215921788226	0.0560860218623673	1	4	0.111111111111111	0	0.217634605242855	1	0.333333333333333	-0.4	0.4	2.77333911991762e-33	2	1.67698777432242	0	0	0.7853981633975	1.31137169517549	-2.22044604925031e-17	1	2.14904517968475	2.17882001762412	2.25777882123728	3.78524083027724
"48"	48	0.152273238982024	-0.310185367538657	1	2	0.627741162589377	0.377949675746781	1	5	0.0625	0	0.21319697691988	2	0.5	-0.4	0.3	3.08148791101958e-34	3	1.67698777432242	0	0	1.17809724509625	1.41836045233757	3.77475828372553e-16	1	4.5976075804581	3.58210381821454	7.17487467411243	-3.80399927030559
"49"	49	-0.0699491451151731	-0.234878719771001	1	2	0.866433975699932	0.495975392689701	1	3	0.037037037037037	0	0.289999999471719	2	1	0.4	0.4	0	2	1.73512645696292	0	0	1.570796326795	1.34433002549113	1.77635683940025e-16	1	6.78729530690731	4.98598212648138	4.7877192001963	-1.62919595702301
"50"	50	-0.800820161054495	-0.944310107730424	1	2	1.14760154800934	-0.978883059706721	1	5	0.0625	0	0.286284304209717	2	1	-0.2	0.5	3.08148791101958e-34	3	2.04319187054512	0	0	1.17809724509625	1.28782531355582	-2.99760216648792e-16	1	5.05205623111048	0.677239309205151	-1.14370358005239	5.4872551891868
"51"	51	-0.719364463079878	-0.215887536037544	1	1	0.801027957729363	0.0664691621523199	1	2	0.0246913580246914	0	0.337260186781976	1	1	0.2	0.4	0	2	1.88915916375402	0	0	2.74889357189125	1.54705931147094	-7.7715611723761e-16	1	3.77028368691959	3.75444176533762	5.83501851572527	7.51184147271508
"52"	52	0.293215310485765	0.129905209372334	1	3	0.974314752869349	0.118283030110457	1	4	0.0625	0	0.276715067097575	3	1	0	0.5	3.08148791101958e-34	4	1.88915916375402	0	0	1.17809724509625	1.58370353087645	-1.66533453693773e-16	1	4.34756014931522	2.21846796132748	2.48964537867473	0.722369479685378
"53"	53	-0.0681115469963566	-0.232716649492379	1	3	0.519860385419959	1.47040862710846	0.888888888888889	2	0.0625	0	0.22867590502138	1	0.5	0.5	-0.5	1.23259516440783e-33	3	1.73512645696292	0	0	1.17809724509625	1.03962934456143	0	1	3.14281116813955	7.24881162851977	5.78404338949057	2.45206306536838
"54"	54	-0.915823035154857	-1.05405159738787	2	5	0.670215921788226	0.337862044042476	1	2	0.0625	2	0.214025304327488	1	0.5	0	0.1	6.93334779979405e-34	3	1.88915916375402	0	0	0.7853981633975	1.25183859694415	-3.88578058618805e-17	1	3.27614623768791	1.34889400349148	3.71824725058601	6.80807578540373
"55"	55	-0.044666563907422	-0.213286889863638	1	4	0.389048349478822	-0.646707462534457	1	4	0.111111111111111	0	0.261096096454917	1	0.333333333333333	-0.1	0.9	1.23259516440783e-33	2	1.73512645696292	0	0	0.7853981633975	1.14761646899779	2.22044604925031e-17	1	3.43530641771571	5.28780924519195	-2.33673769173758	1.11920801659693
"56"	56	-0.531420457081743	-0.344372484842014	1	2	0.908908734898781	0.998025910579813	1	4	0.0625	0	0.276144849127602	2	0.5	-0.2	0.4	1.23259516440783e-33	4	1.73512645696292	0	0	1.570796326795	1.21427233758367	7.88258347483861e-16	1	3.96809483797155	2.72844219260058	5.89765705045111	0.0650929509100002
"57"	57	-0.382266192958709	-0.220019513395014	2	4	0.974314752869349	-0.749996619930981	0.888888888888889	5	0.0416666666666667	2	0.23097398111621	2	0.5	-0.1	0.7	0	3	1.88915916375402	0	0	0.7853981633975	1.26682100542003	2.44249065417534e-16	1	4.70706833523059	2.78558304163898	4.91688567385848	4.08823876094172
"58"	58	-0.5307144197039	-0.0711341690764837	1	2	1.03972077083992	-0.306100487863868	1	4	0.0416666666666667	0	0.30123893884965	2	0.5	-0.2	0.2	1.23259516440783e-33	3	1.88915916375402	0	0	1.570796326795	1.29328812807525	5.759281940243e-16	1	3.99967270052872	4.65245211381557	4.93741119513501	3.35274311397747
"59"	59	-0.0733312015375892	0.0999097726444954	1	2	0.801027957729363	-0.727223645646478	1	4	0.0625	2	0.242760319233619	1	0.5	-0.5	0.2	1.92592994438724e-33	3	2.04319187054512	0	0	1.17809724509625	1.1314309722595	-5.21804821573824e-16	1	2.82396167316172	3.69717021594422	0.644492221550162	4.93855080024447
"60"	60	-0.423664171422494	0.112727390970289	2	4	1.03972077083992	0.197380804448982	1	6	0.0625	0	0.244872918040663	1	1	-0.1	0.5	1.73333694994851e-34	5	1.88915916375402	0	0	0.7853981633975	1.4030155339468	-3.69149155687865e-16	1	4.42780244254652	3.50659264023622	1.31515976222958	-0.93306069677437
"61"	61	0.571417477645766	0.709353419394505	1	3	1.14760154800934	-1.45578753186251	1	5	0.0625	0	0.240926624040618	3	1	0	0.3	0	2	1.73512645696292	0	0	1.17809724509625	1.51523171900211	-2.88657986402541e-16	1	2.68613198072032	1.73307421885781	4.41289529230958	-4.78274422609401
"62"	62	0.065934801425914	-0.657567141981733	1	2	0.562335144618808	-0.110269511799931	0.888888888888889	3	0.0699588477366255	2	0.345514207267235	3	1	-0.2	0.4	0	3	1.46481638489081	0	0	1.96349540849375	1.20562516490651	1.4432899320127e-16	1	0.988108187972702	-0.0288603358156383	8.23103389974034	4.91715865551202
"63"	63	0.588245894333097	0.723862165701029	1	1	0.445801683819146	-1.28311326459071	0.888888888888889	6	0.111111111111111	0	0.177003089393674	3	0.333333333333333	-0.2	0.8	0	2	1.73512645696292	0	0	0.7853981633975	0.939409331267093	-1.77635683940025e-16	1	5.27780348295252	4.46892804950356	1.24049036411246	-3.86012073716111
"64"	64	-0.890447958124175	-0.718223615814007	1	2	0.866433975699932	-2.7894239802274	1	3	0.0123456790123457	2	0.312062258791891	3	1	0	0.5	1.23259516440783e-33	2	2.04319187054512	0	0	1.96349540849375	1.34675202029962	1.24344978758018e-15	1	5.17712307950985	1.73539605224718	-0.274637761601562	0.586320785337271
"65"	65	-0.0278680748182276	-0.0278680748182276	1	2	0.627741162589377	-0.0218802146171534	1	2	0.166666666666667	2	0.223605640692445	1	0.25	-0.6	0.6	1.08333559371782e-33	3	1.73512645696292	0	0	0.7853981633975	0.697938115020434	3.99680288865056e-16	1	2.28234523241313	1.92103239678505	-0.344445318881999	0.581519866440465
"66"	66	-0.619090988959649	0.078556128563966	2	2	0.562335144618808	-0.558038061328403	1	6	0.166666666666667	0	0.214360626542209	1	0.25	-0.2	0.8	1.23259516440783e-33	3	1.88915916375402	0	0	0.7853981633975	0.856670496074411	6.21724893790088e-16	1	3.55463126650583	3.61223465366167	-0.337066352456678	-0.503643919235047
"67"	67	-0.0196300794324383	-0.0196300794324384	1	4	0.519860385419959	-0.381217205716379	1	5	0.125	0	0.204876017159398	1	0.5	0.2	0.2	1.23259516440783e-33	4	2.04319187054512	0	0	0.7853981633975	1.25630360146719	1.77635683940025e-16	1	3.19073038578165	6.65940945427396	1.12177985128033	2.74377177401486
"68"	68	0.105136418017956	0.296395204315634	1	1	0.207108870708592	1.59521900936573	1	6	0.0740740740740741	0	0.298371193683314	2	0.333333333333333	-0.2	0.7	3.08148791101958e-34	5	2.04319187054512	0	0	1.570796326795	1.14024017190019	1.50990331349021e-15	1	5.50035871476422	1.84412175716428	-4.37503132273752	-0.359837803577712
"69"	69	0.760202137216239	0.260867309857634	1	2	1.14760154800934	-1.05498470469695	1	3	0.0205761316872428	0	0.260330104066397	5	1	-0.1	0.2	1.23259516440783e-33	3	1.88915916375402	0	0	1.96349540849375	0.92183154152386	4.24660306919122e-16	1	1.88431583212834	1.25921233030571	1.84796610757802	-7.17048794054474
"70"	70	0.448953060532132	-0.360858791550469	1	1	0.389048349478822	0.634806800542117	1	3	0.00823045267489712	0	0.32159790931721	1	1	-0.4	0.3	3.08148791101958e-34	2	2.04319187054512	0	0	2.3561944901925	1.38210995458082	5.05151476204446e-16	1	4.70308918194863	2.30572869927319	12.332911756135	-4.6397852444049
"71"	71	-0.151525748486185	0.0385944439368298	1	2	0.422870425047427	0.0753442827978131	0.777777777777778	6	0.0625	2	0.254410738679764	2	0.5	-0.3	0.4	4.33334237487128e-35	3	1.52295506753132	0	0	1.17809724509625	1.2863608328996	-3.44169137633799e-16	1	0.465676780920646	4.4042672755913	-10.8122251762083	4.16540368272228
"72"	72	0.518784439680341	0.681575051067854	2	5	0.801027957729363	-0.170641803373462	0.888888888888889	5	0.166666666666667	0	0.388618747533325	3	0.25	-0.4	0.6	2.77333911991762e-33	3	1.73512645696292	0	0	0.39269908169875	0.90887026697806	-6.10622663543836e-17	1	3.13350548997142	0.405137876081371	-0.151608273735921	-0.356559589811289
"73"	73	-1.13849516121961	-0.673850131919915	1	3	0.908908734898781	1.86735099728216	1	3	0.104166666666667	0	0.323705520941769	3	0.5	-0.1	0.4	6.93334779979405e-34	4	1.73512645696292	0	0	1.17809724509625	1.52457301443814	-3.38618022510673e-16	1	5.72197881222627	5.29162003734989	2.01598344450826	9.47981426999473
"74"	74	-0.599735248783603	-0.599735248783603	1	1	0.974314752869349	-0.22877966773057	1	3	0.0205761316872428	0	0.294382639310959	2	1	0.6	-0.4	1.23259516440783e-33	3	1.88915916375402	0	0	2.3561944901925	1.13988781630208	2.66453525910038e-16	1	3.46960029902047	-0.93044392016981	3.19762508355929	3.42990055749456
"75"	75	0.234889158390483	0.0551554091480009	1	3	0.801027957729363	-1.35042501365513	0.777777777777778	4	0.0625	0	0.287605439361453	1	0.5	-0.5	0.2	0	4	1.73512645696292	0	0	1.17809724509625	1.49333425783027	-1.88737914186277e-16	1	3.17098184841609	3.77087543374915	-1.44559450624004	3.64165991684467
"76"	76	-0.448837641130529	-0.267836524559453	1	1	0.866433975699932	1.54164986513857	0.888888888888889	3	0.0246913580246914	0	0.245786413751508	3	1	0.4	0.6	0	2	1.88915916375402	0	0	1.96349540849375	1.50422728005678	1.33226762955019e-16	1	3.86899251982099	2.56240809811519	0.0140151672999878	0.943076765903418
"77"	77	-0.0906589897670545	-0.259983149958208	1	3	0.843502716928212	0.883136125294495	1	4	0.0625	0	0.299817666251226	3	0.5	0.3	-0.6	1.23259516440783e-33	4	1.88915916375402	0	0	1.17809724509625	1.5430745863171	-8.71525074330748e-16	1	4.60797601400814	-0.23720035078244	3.20917593161521	7.41920537379076
"78"	78	-0.633958961211935	-0.633958961211935	1	1	0.479623759387752	1.14310274182097	1	2	0.0617283950617284	0	0.338233428912093	2	1	0.6	0.1	0	3	1.52295506753132	0	0	2.3561944901925	1.30538280408704	4.44089209850063e-16	1	3.93655779020094	0.979136194003976	4.36680198472619	-4.56325801686178
"79"	79	0.296112764304544	0.474183788288899	1	2	0.562335144618808	0.31686299620396	1	4	0.104166666666667	0	0.298286048560695	2	1	0	0	9.43705672749745e-34	3	1.73512645696292	0	0	1.570796326795	1.48924150119345	2.60902410786912e-16	1	5.63623597044177	4.47914849009151	4.57351496418855	-1.98612182707026
"80"	80	0.874865717501551	-0.0613212658067439	2	4	0.562335144618808	0.517370955657658	0.888888888888889	6	0.111111111111111	0	0.169906437098718	1	0.666666666666667	0.3	-0.5	2.33037523270855e-33	3	1.88915916375402	0	0	0.7853981633975	1.17116141731205	-3.33066907387547e-17	1	6.8278231787942	8.72740161500246	1.55300474638465	-1.90157608847797
"81"	81	0.188545454138874	-0.799908701354054	1	2	0.908908734898781	0.259762234530287	0.888888888888889	3	0.0625	0	0.322704801333081	3	0.5	-0.4	0.3	3.08148791101958e-34	4	1.52295506753132	0	0	1.570796326795	1.05229172345243	-1.80411241501588e-17	1	2.15379242096516	3.9547689308316	-0.791008721216337	11.4373507279438
"82"	82	-0.264020069504621	-0.0921398435607772	1	5	0.380395665848578	0.447498107533877	0.888888888888889	3	0.166666666666667	0	0.232033438222694	2	0.25	-0.2	0.9	0	3	2.04319187054512	0	0	0.7853981633975	1.12075358422583	-3.99680288865056e-16	1	3.32110615831961	4.31094272396113	-0.402270411756122	-6.13055608603228
"83"	83	-0.0690587448811848	-0.0690587448811848	2	5	0.670215921788226	0.0254804898497094	1	5	0.111111111111111	0	0.141813833690039	2	0.333333333333333	-0.2	0.7	1.23259516440783e-33	5	1.73512645696292	0	0	0.7853981633975	0.902357941632669	-8.88178419700125e-17	1	1.93256163749472	5.62366874661404	-0.90277983169008	1.55372071789479
"84"	84	-0.051794139335993	-0.214996886102541	1	1	0.974314752869349	2.43784727962138	1	3	0.037037037037037	0	0.360047193052885	1	1	-0.1	0.2	3.08148791101958e-34	3	1.73512645696292	0	0	1.96349540849375	1.02340241307529	-2.60208521396521e-16	1	0.426880975378918	2.26388889779358	1.41543766929907	-1.39760929096692
"85"	85	1.10255646678513	0.116002478820841	1	4	1.03972077083992	-1.28020138098971	1	6	0.0740740740740741	0	0.209240797574365	1	0.333333333333333	0.3	0	3.08148791101958e-34	3	1.67698777432242	0	0	0.7853981633975	1.16900289065724	3.33066907387547e-17	1	3.33712755871825	4.38341143804002	7.80984532417088	3.36317134739029
"86"	86	-1.10576059766255	-0.295326794234046	1	1	1.2130075659799	3.07704972227566	1	3	0.0329218106995885	0	0.328868945112425	1	1	0.2	-0.4	3.08148791101958e-34	3	1.73512645696292	0	0	1.96349540849375	1.21200888025287	-2.22044604925031e-17	1	4.17968958623288	5.66397609816779	-7.57547726450173	3.09772455476123
"87"	87	-0.17882812816733	-0.17882812816733	1	1	0.479623759387752	2.83668080531627	0.888888888888889	2	0.0329218106995885	0	0.329663578036667	2	1	0.6	0.2	0	3	1.73512645696292	0	0	2.74889357189125	1.44140722834045	6.57807142090405e-16	1	2.94250499505651	5.7606383061778	1.67904605709296	0.286678765593386
"88"	88	-0.783652738339655	-0.933054538321749	1	1	0.670215921788226	1.92789081861134	1	3	0.0123456790123457	0	0.330322061614973	1	1	-0.2	0.2	9.43705672749745e-34	3	2.04319187054512	0	0	1.96349540849375	1.25598563550413	8.88178419700125e-17	1	4.33076547748295	5.80426616342746	-2.69519481601253	-3.48094616096174
"89"	89	-0.990121297428068	0.0304606314763398	1	1	0.97431475286935	1.23865351576476	1	3	0.0123456790123457	0	0.321360152082685	2	1	0.4	0.6	6.93334779979405e-34	2	2.04319187054512	0	0	2.3561944901925	1.33883550478616	-4.88498130835069e-16	1	2.07806276102869	1.80046800270639	4.48020289900377	3.95144004003168
"90"	90	0.45042275049997	0.29105611565813	1	1	0.908908734898781	-2.38171635572434	1	3	0.0576131687242798	0	0.439729228447974	1	1	-0.2	-0.1	3.08148791101958e-34	2	1.52295506753132	0	0	2.3561944901925	1.23985496761064	-1.66533453693773e-16	1	3.441776026766	4.31003341530615	-4.35484876373349	-0.608052899747308
"91"	91	-0.213428280858917	-0.0597732837199182	1	2	0.908908734898781	-0.692933384702108	0.888888888888889	6	0.0625	2	0.231614224003654	2	0.5	-0.1	0.5	3.08148791101958e-34	3	1.58109375017182	0	0	1.17809724509625	1.13729724070661	5.21804821573824e-16	1	5.76684868647473	6.51484347786601	6.81387838910757	-0.111753389687522
"92"	92	0.162931731063672	0.334575216344847	1	2	1.2130075659799	0.214270805576228	1	3	0.0452674897119342	0	0.296465519037249	2	1	-0.4	0.2	3.08148791101958e-34	3	1.67698777432242	0	0	1.570796326795	1.27346068896898	-3.88578058618805e-16	1	2.27828936038149	0.383704981570433	1.31400109254967	-2.36755311815581
"93"	93	0.819541333516753	0.950085225917374	1	4	0.553682460988564	2.20349585301234	0.888888888888889	6	0.0416666666666667	0	0.239463128827683	1	0.5	0.2	-0.5	1.23259516440783e-33	3	1.88915916375402	0	0	1.17809724509625	1.28665816395912	-4.77395900588817e-16	1	6.08586762907329	6.19228551229083	1.36135784207584	11.0313116851363
"94"	94	-0.812650058759243	-0.970693419718081	1	1	0.801027957729363	0.014559197585335	0.888888888888889	3	0.0246913580246914	0	0.331815567541679	1	1	-0.1	0.5	1.23259516440783e-33	2	1.88915916375402	0	0	1.96349540849375	1.53202468873711	4.66293670342566e-16	1	4.14385017479163	-0.492361810811665	2.80512911204534	6.79687754885758
"95"	95	0.725450591592333	0.579070202342002	1	2	0.670215921788226	-0.0646353819891298	1	3	0.125	0	0.255645285282236	3	1	0	0.2	3.08148791101958e-34	5	1.88915916375402	0	0	1.17809724509625	1.34918491964968	-1.99840144432528e-16	1	5.94998023265989	4.13191909122172	-4.67295079861722	-6.43843486582331
"96"	96	0.025544831367874	-0.1516173146031	1	2	0.908908734898781	-0.885397551220991	0.888888888888889	4	0.0625	0	0.239852105192697	3	1	-0.1	-0.2	3.08148791101958e-34	3	2.04319187054512	0	0	1.17809724509625	1.52505428531638	4.44089209850063e-16	1	2.29114941759296	1.33801570428779	-1.24055127037682	6.93898311287482
"97"	97	0.283350032815619	-0.0179430131912168	1	2	0.488276443017996	-1.21656494639963	0.888888888888889	6	0.0416666666666667	0	0.254315939068298	1	0.5	-0.1	0.7	7.70371977754894e-35	3	1.88915916375402	0	0	1.570796326795	1.14030518634664	4.44089209850063e-17	1	5.66787543373829	2.94366272214716	1.59060043951271	1.11189090424731
"98"	98	-0.22405754202247	-0.0619462352157617	1	2	1.0167895120682	-4.45239607035907	1	3	0.0329218106995885	0	0.267534133764357	3	1	-0.3	0	3.08148791101958e-34	2	1.73512645696292	0	0	1.570796326795	1.15403026990307	6.7168492989822e-16	1	4.79797021347594	0.249457106023621	-3.24020460966686	6.37080652383028
"99"	99	-0.662585780927219	-0.512216138070801	1	3	0.974314752869349	-1.74821075564899	1	4	0.0625	0	0.288603551551203	3	0.5	0.1	0.4	1.23259516440783e-33	2	1.52295506753132	0	0	1.17809724509625	1.60829340958252	2.1094237467878e-16	1	2.52178592051468	1.50931929587337	11.1817298774508	-3.48374035986942
"100"	100	-0.1982385473074	0.641209704319609	1	2	0.908908734898781	0.39117209543023	1	3	0.125	0	0.296951998960845	1	0.5	-0.4	0.8	1.23259516440783e-33	3	1.52295506753132	0	0	1.570796326795	1.03783587576851	1.55431223447522e-16	1	1.81398948551122	4.66955051709722	-2.561208229221	-0.302783400020091
"101"	101	-1.09714180080427	-0.316910034430088	1	1	0.908908734898781	0.169637320976749	1	3	0.0205761316872428	0	0.333675922566934	2	1	0	0.4	0	2	1.88915916375402	0	0	1.96349540849375	1.0896432431509	1.77635683940025e-16	1	0.777626826371571	1.07155406409587	-0.139955792204104	10.3196483138324
"102"	102	-0.832150700425225	-0.954161174966413	1	1	0.562335144618808	1.36640533331183	1	2	0.0329218106995885	0	0.298437787954978	1	1	0.6	-0.4	6.93334779979405e-34	3	1.73512645696292	0	0	1.96349540849375	1.06149721249493	-1.99840144432528e-16	1	2.56782873493846	-1.97135555133853	8.30404281709236	1.33451487772997
"103"	103	-0.237866292246963	-0.0674146154725954	1	1	0.726969256128551	-0.462370705739871	1	3	0.0452674897119342	0	0.323478588267628	1	1	-0.2	0	3.08148791101958e-34	3	1.58109375017182	0	0	1.96349540849375	1.21901130435195	5.44009282066327e-16	1	3.96812156393663	0.939890450589654	1.19203320988586	-2.48947486165612
"104"	104	-0.20996323342435	-0.726139047906845	1	1	1.2130075659799	2.58043580819441	1	2	0.0617283950617284	0	0.353890041400323	1	1	0.2	0.2	1.23259516440783e-33	2	1.52295506753132	0	0	2.74889357189125	1.22267806755151	-3.33066907387547e-17	1	6.28999435403972	3.67047192171569	3.40027769653208	5.20370917882415
"105"	105	-0.469096206774851	-0.0511822817009883	1	3	0.908908734898781	0.228169516395178	1	2	0.0740740740740741	0	0.292123853440271	2	0.333333333333333	-0.3	0.6	3.08148791101958e-34	4	2.04319187054512	0	0	1.17809724509625	1.13586437119648	-2.02615701994091e-16	1	0.438396192449137	0.142200272211562	3.7772050685191	-0.500951952580201
"106"	106	-0.0629828579684674	0.0761541421911955	1	1	0.604809903817658	-0.967771216371085	1	3	0.0246913580246914	0	0.304543047169747	2	1	0	0.4	3.08148791101958e-34	3	1.88915916375402	0	0	2.3561944901925	1.39540899266452	2.99760216648792e-16	1	3.22231089474768	4.20598354277417	7.50043262133697	3.98320553980438
"107"	107	-0.803653640279305	-0.477863426332845	1	4	0.670215921788226	1.63573793265968	0.888888888888889	3	0.0625	2	0.259476904682371	5	0.5	0	0.2	0	3	1.67698777432242	0	0	1.17809724509625	1.47742594000739	3.5527136788005e-16	1	1.58886379531851	3.80571980347972	3.07330507836559	-2.28148274571905
"108"	108	0.916977415704225	1.05140515645955	1	2	0.801027957729363	2.64403880497987	1	3	0.037037037037037	0	0.317247515776635	3	1	0	0.4	4.33334237487128e-35	5	1.73512645696292	0	0	1.570796326795	1.43605403565854	-4.44089209850063e-16	1	0.222714683251946	6.31872293679256	-0.502257355015785	2.41590370953252
"109"	109	0.379814171602754	0.0927092602801686	1	2	1.08219553003877	0.343035233698116	1	4	0.0205761316872428	0	0.276623372077553	2	1	-0.1	0.4	3.08148791101958e-34	2	1.88915916375402	0	0	1.96349540849375	1.23304645828571	-4.44089209850063e-17	1	5.12364210924836	1.49833302954464	-3.09725917738396	-1.85387269787196
"110"	110	0.750990123827739	0.901675050648347	1	1	0.908908734898781	2.11780444900217	1	4	0.0246913580246914	0	0.29758993492586	2	1	0	0.2	0	4	1.88915916375402	0	0	1.96349540849375	1.2297771980341	-1.38777878078145e-16	1	3.85430441881987	5.62397948234608	8.73638528443764	3.38322098827448
"111"	111	0.146511035071592	0.608045931898884	1	1	0.562335144618808	-1.39795230192772	1	5	0.0740740740740741	0	0.273609107764073	2	0.333333333333333	-0.4	0.6	4.93038065763132e-33	3	1.88915916375402	0	0	1.570796326795	1.04943505542892	4.88498130835069e-16	1	7.50901395708327	2.94506036523131	-1.02222509383637	3.31820989801002
"112"	112	-0.269170057859839	-0.354405728801722	2	4	0.346573590279973	-0.925019939492177	1	4	0.0740740740740741	0	0.250001564852596	2	0.333333333333333	-0.7	0.9	4.81482486096809e-34	3	1.73512645696292	0	0	1.17809724509625	0.664885648091817	-3.33066907387547e-16	1	7.11191508801274	2.19291788859885	-2.16296482308669	-1.71260415002237
"113"	113	-0.0333690952107519	-0.0333690952107519	1	3	0.866433975699932	0.318527943525727	1	4	0.111111111111111	0	0.19020049090639	1	0.333333333333333	-0.2	0.5	7.70371977754894e-35	3	1.73512645696292	0	0	1.17809724509625	1.37711391909768	-2.44249065417534e-16	1	4.45928859108794	2.15238009944274	-0.538509748180096	1.87402381240666
"114"	114	0.0272005862584325	-0.300155874374969	1	5	1.08219553003877	-0.190711588886202	1	3	0.166666666666667	0	0.256107420198887	3	0.25	-0.2	0.8	1.23259516440783e-33	3	1.73512645696292	0	0	0.7853981633975	1.05159898092229	-1.99840144432528e-16	1	4.36803903030346	3.68069412470857	-3.37219393259971	-4.1832269886369
"115"	115	-0.706171611301253	-0.85987310214508	1	2	0.801027957729363	-0.278811838832514	1	4	0.0625	0	0.243716007189427	1	0.5	-0.5	0.5	3.08148791101958e-34	3	2.04319187054512	0	0	1.17809724509625	1.14182521301353	-2.22044604925031e-17	1	5.12010833124223	1.29903653744641	0.437394133410886	0.657507365925488
"116"	116	-0.995369064630289	-0.380048796154442	1	4	1.14760154800934	-2.01439307171873	0.888888888888889	5	0.0416666666666667	2	0.277340652829218	1	0.5	-0.1	0.4	3.08148791101958e-34	3	1.88915916375402	0	0	0.7853981633975	1.31519279517118	-1.16573417585641e-16	1	-0.488948661231139	3.78935804803255	6.12237278933952	7.77130978912783
"117"	117	0.983314412087559	1.12828119062353	1	1	0.866433975699932	1.25821610008209	1	3	0.00823045267489712	0	0.31853577607591	3	1	0	0	6.93334779979405e-34	3	2.04319187054512	0	0	1.96349540849375	1.28504159002053	-8.88178419700125e-17	1	7.77728497802639	5.73090060521147	-3.76259966528533	1.6469842067898
"118"	118	-1.08781458693787	-0.0738637829468567	1	1	1.03972077083992	2.34068269020743	1	3	0.0699588477366255	0	0.337679887210599	3	1	-0.2	-0.4	0	3	1.46481638489081	0	0	2.3561944901925	0.761071988502534	2.55351295663786e-16	1	4.37467909519289	2.09478903700161	8.724888620398	7.48152745507018
"119"	119	-0.603435572858852	-0.603435572858852	1	1	0.519860385419959	1.03699811516034	1	2	0.0205761316872428	0	0.325860314339694	3	1	0.2	0	0	2	1.88915916375402	0	0	2.3561944901925	0.929754390224777	-2.88657986402541e-16	1	1.82121517236911	1.47803914327692	4.06855818022523	4.3620720153555
"120"	120	-0.428097224091192	-0.588235709793059	1	2	0.974314752869349	0.994325271883594	0.888888888888889	4	0.0625	0	0.29501319524358	3	0.5	0.4	-0.4	1.56000325495366e-33	3	1.52295506753132	0	0	1.17809724509625	1.3407480130745	-4.88498130835069e-16	1	4.7316661203598	5.21030951964065	3.9959345485203	-4.4722440815681
"121"	121	-0.551673563460913	-0.382350776252469	1	3	0.974314752869349	0.582931690796492	1	4	0.0625	0	0.30059220759848	5	0.5	0	0.3	0	4	2.04319187054512	0	0	1.570796326795	1.40155709766518	-4.10782519111308e-16	1	3.24749822787667	3.9756506019283	8.96980229981917	3.07767109235537
"122"	122	-0.804446894837938	-0.646415900330905	1	2	0.974314752869349	-1.82100272241019	1	3	0.0625	0	0.263946105590992	3	0.5	-0.2	0.5	3.08148791101958e-34	2	2.04319187054512	0	0	1.96349540849375	0.53932566109237	-1.55431223447522e-16	1	3.00452893665699	3.443644232852	3.4996649730881	-1.21691796276457
"123"	123	0.125080059825473	0.286518904065246	1	1	0.735621939758795	1.83594656251608	1	2	0.0329218106995885	0	0.312825463866781	1	1	-0.2	0	1.23259516440783e-33	2	1.73512645696292	0	0	1.96349540849375	1.30447841432826	3.44863027024189e-16	1	4.6183429190521	2.42265709456865	3.40421753187954	6.98319153405258
"124"	124	0.583491879760571	0.0922042164806289	1	1	0.735621939758795	-0.927145099995398	1	3	0.0205761316872428	2	0.34222743020078	1	1	0.2	0.2	6.93334779979405e-34	3	1.88915916375402	0	0	1.96349540849375	1.08767995924996	5.21804821573824e-16	1	3.39119072709811	5.10136805683887	3.10930617160042	-0.0162411556811004
"125"	125	0.484385764243693	0.334105566963075	1	1	0.908908734898781	0.42222924294221	0.888888888888889	5	0.0246913580246914	0	0.290672737161841	2	1	0.1	0.7	7.70371977754894e-35	3	1.88915916375402	0	0	1.570796326795	1.12280182344472	4.44089209850063e-16	1	3.69837941452637	6.27694227934359	-2.43097588938357	1.7799066620521
"126"	126	0.240208295093577	-0.232680056963425	1	1	1.08219553003877	2.2310987686184	1	3	0.0246913580246914	0	0.315348047109306	1	1	0.4	0.2	0	3	1.88915916375402	0	0	1.96349540849375	1.25901905222963	2.22044604925031e-16	1	4.55321126106438	2.54199972917945	4.6500943850466	8.15315832232941
"127"	127	0.0526805011315328	-1.14378261141034	1	1	0.97431475286935	-1.24043396546461	1	3	0.037037037037037	0	0.326005311578876	1	1	0.1	0.8	0	2	1.73512645696292	0	0	1.96349540849375	1.0414943731715	2.22044604925031e-17	1	6.08176509455	3.16912363676916	6.95517253441645	-4.98270544350965
"128"	128	-0.396079640296643	-0.396079640296643	1	2	0.801027957729363	-1.50259820834235	1	3	0.0205761316872428	0	0.301199760957832	2	1	-0.4	0.4	3.08148791101958e-34	2	1.88915916375402	0	0	1.570796326795	1.21191612401624	-1.55431223447522e-16	1	5.03354546266657	5.00436174167186	4.87782935356067	-5.5692579200964
"129"	129	-0.433815067568398	-0.257471602742067	1	4	0.735621939758795	-1.22191800985147	1	5	0.111111111111111	0	0.251221624646477	2	0.333333333333333	-0.3	0.7	7.70371977754894e-35	3	1.73512645696292	0	0	0.7853981633975	1.11962158393512	-1.01030295240889e-15	1	0.523832528324347	1.77395604637936	5.47976562745892	-3.65960220451277
"130"	130	0.308131477795453	0.467307620538232	2	4	0.215761554338836	0.300478293817666	1	5	0.111111111111111	0	0.218327420585416	1	0.333333333333333	-0.2	0.5	1.23259516440783e-33	4	2.04319187054512	0	0	0.7853981633975	1.37403216299086	2.94209101525666e-16	1	4.06424465679298	4.77168130577671	3.07875875157877	1.95576581121592
"131"	131	-0.486938564356141	-0.931956163585636	1	5	0.735621939758795	-0.409400036389027	1	3	0.111111111111111	0	0.226936878854724	2	0.333333333333333	0.6	-0.3	7.70371977754894e-35	3	1.73512645696292	0	0	0.7853981633975	1.01154513808891	-4.77395900588817e-16	1	-0.754046528991417	6.7809818445073	8.25214629685817	-3.15468019004202
"132"	132	0.688304982487958	0.536277982717312	1	2	0.801027957729363	0.440931762212956	1	4	0.0123456790123457	0	0.315231714674387	3	1	0.3	0.4	0	3	2.04319187054512	0	0	1.96349540849375	1.27556932590718	-3.99680288865056e-16	1	5.46443020491663	5.54870940434549	5.15836929010914	3.47014944089471
"133"	133	-0.529613265377855	-0.478810313246771	1	1	0.974314752869349	-3.27285617794455	1	2	0.0329218106995885	0	0.302949578206526	1	1	-0.6	0	1.23259516440783e-33	2	1.73512645696292	0	0	1.96349540849375	0.928840185655552	3.21964677141295e-16	1	1.74628075757998	6.75430504225043	2.70596949484871	0.544529710849431
"134"	134	0.68674697065809	0.243454635505389	1	1	0.562335144618808	-1.17696229090676	1	3	0.0329218106995885	0	0.288837974565118	1	1	-0.4	0.4	1.92592994438724e-33	3	1.73512645696292	0	0	1.96349540849375	1.13332396301268	7.82707232360735e-16	1	0.855605132372116	6.19213512775356	3.53125660713376	-2.60617837592458
"135"	135	0.0300978884503179	0.191770087703637	2	3	0.45445436744939	-1.0509543360561	1	4	0.0416666666666667	0	0.241415797506531	3	1	0.3	0.7	1.23259516440783e-33	4	1.73512645696292	0	0	1.17809724509625	1.47958464440007	9.99200722162641e-17	1	7.14466596136724	6.02757608841506	-2.72153296513297	4.37159198688206
"136"	136	-0.245435398391185	-0.386783863262115	1	5	0.562335144618808	1.29727723534979	0.888888888888889	6	0.0740740740740741	0	0.283512443026224	2	0.333333333333333	-0.4	0.6	0	5	1.73512645696292	0	0	0.7853981633975	0.851258976116529	2.88657986402541e-16	1	1.94005172346529	3.52831962188722	7.00187063075487	1.1546690870178
"137"	137	-0.603908031553241	0.0990843885008237	1	2	0.562335144618808	-0.696074017713905	1	4	0.125	0	0.214806863255693	1	0.5	-0.4	0.6	3.08148791101958e-34	3	1.67698777432242	0	0	1.17809724509625	1.11892778754606	3.10862446895044e-16	1	2.5326980306334	-0.214364446694659	-0.462778680082036	2.02526597725332
"138"	138	0.466378098973271	0.296408812974582	2	5	1.08219553003877	0.612022904905964	1	5	0.111111111111111	0	0.253380174411102	3	0.333333333333333	-0.4	0.6	3.08148791101958e-34	4	1.88915916375402	0	0	0.7853981633975	1.09131631938186	-1.08246744900953e-16	1	3.51544534564613	1.48362843261564	3.23748156660763	3.63259851595442
"139"	139	0.505996741367867	-0.537676235949585	1	2	1.03972077083992	0.304994499225568	1	3	0.0246913580246914	0	0.288781153626714	2	1	0	0.2	3.08148791101958e-34	3	1.88915916375402	0	0	1.96349540849375	1.34569078914312	-4.44089209850063e-17	1	4.02436188669858	5.25421813554231	-2.62527155916428	0.231136213591513
"140"	140	-0.494223377190229	-0.661050639541945	1	3	0.45445436744939	-0.529350542331567	1	4	0.0740740740740741	0	0.275929903010334	1	0.333333333333333	-0.4	0.4	1.23259516440783e-33	3	1.88915916375402	0	0	1.17809724509625	1.34495957057996	-2.85882428840978e-16	1	8.29457045316428	2.93671201943521	2.43247887893531	-1.64342445884588
"141"	141	-0.33749850016063	-0.507147106015339	1	2	0.141702852738023	0.842396279840515	1	2	0.0246913580246914	0	0.309294934210251	3	1	0.5	0	3.08148791101958e-34	3	1.88915916375402	0	0	1.570796326795	1.56456106863828	4.66293670342566e-16	1	5.45548115835934	4.96086085949105	-0.723579864274641	3.80153547483725
"142"	142	-0.351764278427317	-0.51104185232157	1	3	0.693147180559945	0.345060857005999	1	3	0.0625	0	0.265916026373207	3	0.5	0	-0.1	2.77333911991762e-33	4	1.73512645696292	0	0	1.17809724509625	1.46394174536194	-3.60822483003176e-16	1	4.51547785042807	4.44166869898676	8.98585762070357	0.579795116237927
"143"	143	-0.290391215537053	0.662034073666327	1	1	0.801027957729363	-0.200235909506786	1	4	0.037037037037037	0	0.314782643451957	1	1	-0.1	0.5	1.23259516440783e-33	4	1.73512645696292	0	0	1.570796326795	1.29702480509107	6.66133814775094e-17	1	6.16621667500929	3.17497430123043	-5.00788279285086	-0.625630571246614
"144"	144	-0.848102769462498	-0.0770606323684649	1	5	1.03972077083992	0.711418963182507	0.888888888888889	4	0.0625	0	0.280602498118011	1	0.5	0.1	-0.2	3.08148791101958e-34	3	1.73512645696292	0	0	0.7853981633975	1.29192540245811	4.44089209850063e-16	1	7.05760293246079	5.9309015977058	2.05991856586459	1.38064919612546
"145"	145	-0.34942436398792	-0.536362985871343	1	1	0.519860385419959	-3.86654854270856	1	2	0.0493827160493827	0	0.359126779900764	3	1	0	0.2	3.08148791101958e-34	2	1.67698777432242	0	0	1.96349540849375	1.3804465391051	-1.66533453693773e-17	1	4.73683908776272	4.82946692871382	7.15494956835114	2.78361146094592
"146"	146	-0.869333484005603	-0.710025180522483	1	1	0.801027957729363	1.74715546883278	1	3	0.0205761316872428	0	0.245947234117502	1	1	-0.1	0.2	1.23259516440783e-33	4	1.88915916375402	0	0	1.96349540849375	1.22733260182337	-2.88657986402541e-16	1	2.13655708801882	1.85256821740161	7.66951412141081	-5.85188142801818
"147"	147	-0.621271755014807	-0.464647120732489	2	3	0.604809903817658	-0.507310257251981	1	4	0.0625	0	0.172661406514461	1	0.5	-0.1	0.6	1.23259516440783e-33	4	1.73512645696292	0	0	0.7853981633975	1.44606103771227	8.10462807976364e-16	1	4.27413202892737	5.27142717084054	6.02715942200196	5.1988388127411
"148"	148	0.0257483198877657	-0.172513917736147	1	1	0.553682460988564	-0.343474661590917	0.888888888888889	2	0.00823045267489712	0	0.286635561892394	2	1	0	0.4	0	4	2.04319187054512	0	0	1.96349540849375	1.35712783090149	-8.32667268468867e-18	1	5.79682490406373	7.21487147935408	-3.10861541104593	3.56235361252079
"149"	149	-0.426237338808162	-0.260905092391453	1	3	0.974314752869349	3.67383430783674	0.888888888888889	4	0.0625	0	0.298117733611027	3	0.5	-0.1	0.3	3.08148791101958e-34	4	1.73512645696292	0	0	1.17809724509625	1.38492827825432	5.77315972805081e-16	1	5.40676791070915	4.85432537915513	-6.40419187790792	0.361167991515644
"150"	150	0.828403576706936	0.659305972805488	1	2	0.49692912664824	-2.59433107323835	1	4	0.0416666666666667	2	0.285911242822287	2	0.5	0.2	0.9	3.08148791101958e-34	3	2.04319187054512	0	0	1.17809724509625	1.26331030100146	5.99520433297585e-16	1	4.55526659265047	6.53739859341349	-1.15179046930355	8.55554966021654
"151"	151	0.541357459577705	0.541357459577705	1	3	0.49692912664824	1.10450063625174	0.888888888888889	4	0.0625	0	0.329707298315626	1	0.5	-0.2	-0.1	0	2	1.88915916375402	0	0	1.17809724509625	1.25957251637396	1.72084568816899e-16	1	2.78205789426469	3.02658151583764	1.56796078155486	5.61394656527644
"152"	152	0.0710022817010908	0.243776575835966	1	1	0.801027957729363	1.57064080309928	1	7	0.0740740740740741	0	0.239086042146078	5	0.333333333333333	-0.1	0.6	0	3	2.04319187054512	0	0	0.7853981633975	1.16709933784905	-2.38697950294409e-16	1	4.11981343260943	2.69819359660065	0.990439917569295	0.432887500769716
"153"	153	-0.937442062483736	-0.772605602692929	1	2	0.908908734898781	3.34350053967345	1	3	0.0123456790123457	0	0.318702610274029	3	1	0.6	0.2	3.08148791101958e-34	4	2.04319187054512	0	0	1.570796326795	1.05008260782184	6.43929354282591e-16	1	6.14052881037929	6.39749360700737	2.83196473292006	5.54925174777921
"154"	154	-0.0301114355377253	0.310712667033031	1	1	0.562335144618808	1.35575161219995	1	4	0.0205761316872428	0	0.329564387922033	1	1	-0.1	0.1	1.23259516440783e-33	4	1.88915916375402	0	0	1.96349540849375	1.21988910143002	3.44169137633799e-16	1	4.44600304692294	5.34540929333938	-0.145207168154104	5.17655326762116
"155"	155	-0.0538321838126155	-0.847184516940697	2	4	0.45445436744939	-1.0541804050571	1	6	0.0740740740740741	0	0.145666166566554	3	0.333333333333333	-0.2	0.7	4.93038065763132e-33	2	2.04319187054512	0	0	0.7853981633975	0.873220893573039	4.44089209850063e-17	1	7.69336201959642	3.86706411943397	0.398495593813967	0.693258019928764
"156"	156	0.723535277892362	-0.385160108127023	1	1	0.735621939758795	1.22697105010366	1	3	0.00823045267489712	0	0.297926286601739	5	1	0.2	-0.4	1.23259516440783e-33	3	2.04319187054512	0	0	2.3561944901925	1.07984972224188	-1.47104550762833e-16	1	4.81251138983357	6.60958193801244	-7.58238415299893	-1.94113196431455
"157"	157	0.108827540733687	-0.437818316615108	1	1	1.2130075659799	-2.43696404563711	1	4	0.0740740740740741	0	0.295088319245495	3	0.333333333333333	-0.4	0.6	1.23259516440783e-33	3	1.73512645696292	0	0	1.17809724509625	1.07258716141412	1.11022302462516e-17	1	3.36896227270019	4.08240441902916	2.11927971052609	3.88215749045423
"158"	158	-0.927421255905439	0.904402611874352	1	1	0.604809903817658	0.542127838203117	1	3	0.0576131687242798	0	0.332097166610908	2	1	-0.1	0.4	1.92592994438724e-33	3	1.52295506753132	0	0	2.3561944901925	0.983386743336048	-4.44089209850063e-17	1	6.58834068219806	3.6680115986807	-1.22571392865873	4.61995363001384
"159"	159	0.0598535495826109	0.232969268566092	1	2	0.801027957729363	0.325653960418733	1	4	0.0625	0	0.258239805409903	1	0.5	-0.4	0.65	3.77482269099898e-33	5	2.04319187054512	0	0	1.17809724509625	1.28336382629317	-6.13398221105399e-16	1	6.53565522607054	3.16352028226809	-5.35700637671801	-0.535859168929552
"160"	160	-0.381141910463856	-0.434950003914345	1	2	0.974314752869349	-1.84624511820395	1	3	0.0576131687242798	0	0.315778313402954	2	1	0.2	0.2	0	3	1.52295506753132	0	0	1.570796326795	1.34980928251506	-8.43769498715119e-16	1	4.66264158463054	4.51958654283902	10.6276222584719	0.331935712614193
"161"	161	-1.02711034246562	-0.0460532964707554	1	4	1.03972077083992	-3.32615425671094	1	4	0.0246913580246914	0	0.330937223446991	5	1	-0.2	0.3	7.70371977754894e-35	2	1.88915916375402	0	0	1.17809724509625	1.34507004435117	3.88578058618805e-16	1	1.7238244639099	3.25505205529845	8.67397798313035	0.77767838968574
"162"	162	0.147254247275081	-0.656083992296904	1	4	0.974314752869349	0.419972351972833	1	4	0.0625	0	0.174645297414718	1	0.5	0	0	0	3	1.88915916375402	0	0	0.7853981633975	1.43847097623968	-9.99200722162641e-17	1	5.18703918146221	6.06404068013847	3.7794146816823	-2.0026332306464
"163"	163	-0.0244556460384187	0.0196828876729263	1	2	0.49692912664824	0.823233805706426	1	3	0.125	0	0.243810197953817	2	0.5	-0.2	0.3	7.70371977754894e-35	4	1.88915916375402	0	0	1.570796326795	1.20397733236169	-1.66533453693773e-16	1	7.68907938352613	8.30136443261756	8.42494222999524	10.8673564210645
"164"	164	-0.766470232272214	-0.912839983462816	1	2	0.314989647878009	-0.267004421615806	0.888888888888889	4	0.125	0	0.159502585065249	2	1	-0.2	0.6	9.43705672749745e-34	3	1.67698777432242	0	0	1.17809724509625	0.865784869643406	0	1	4.4452460075278	2.4706303855993	5.04470020677593	0.489875789620881
"165"	165	0.648117403464422	1.06631364717784	1	1	0.908908734898781	-0.30224221455246	1	5	0.0329218106995885	0	0.304930268627525	5	1	0.3	0.1	1.73333694994851e-34	2	1.73512645696292	0	0	2.3561944901925	1.20703160200929	-2.77555756156289e-16	1	4.74946177091051	6.37472572410406	2.69820751578415	-1.57091728678537
"166"	166	-0.791617808370055	-0.344227787879335	1	2	0.801027957729363	-0.111137139959125	1	3	0.0205761316872428	0	0.276392854675645	3	1	-0.5	0.4	2.77333911991762e-33	3	1.88915916375402	0	0	1.96349540849375	0.786356828988864	-1.88737914186277e-16	1	0.741932646744154	1.05345940336895	1.71159443890954	13.7482169193896
"167"	167	-0.457313773821753	-0.506147420693639	1	4	0.801027957729363	1.89917244132495	1	5	0.0740740740740741	0	0.270832627939472	2	0.333333333333333	-0.4	0.6	1.92592994438724e-33	5	1.88915916375402	0	0	1.17809724509625	0.719207978687509	1.11022302462516e-17	1	6.66040909501093	3.78467176371394	5.12685623762879	-1.13480237652854
"168"	168	0.527729229219848	-0.285847849143049	1	1	1.03972077083992	-0.839403565169559	1	5	0.0617283950617284	0	0.324400074576888	5	1	0	0.4	4.93038065763132e-33	2	1.52295506753132	0	0	1.570796326795	1.49632137880149	-2.22044604925031e-17	1	1.5766840754473	4.73140000338687	10.0520695076996	-1.22500508330116
"169"	169	-0.294803750569542	0.258934930163932	1	3	0.735621939758795	-0.158125197520325	0.888888888888889	4	0.0246913580246914	0	0.289353456637433	3	1	0	0.5	4.93038065763132e-33	2	1.88915916375402	0	0	1.570796326795	1.40481765625103	-1.88737914186277e-16	1	7.67287299900157	4.99037719203622	6.02418318541497	-1.93792202255637
"170"	170	-0.252349305924482	-1.04157183696013	1	1	0.49692912664824	-2.22677959973562	1	5	0.0329218106995885	0	0.298937104455604	1	1	0	-0.4	3.08148791101958e-34	2	1.73512645696292	0	0	2.3561944901925	1.21442334586254	-8.10462807976364e-16	1	6.60479080020924	6.81729153850928	6.49542160427627	3.0087462851337
"171"	171	-0.0274186171428794	0.532524161436417	1	1	0.974314752869349	-4.83291105107383	1	4	0.037037037037037	0	0.328167516443466	1	1	-0.3	0.2	3.08148791101958e-34	2	1.73512645696292	0	0	2.3561944901925	1.45263247103817	5.10702591327572e-16	1	8.0378752858023	1.92091772381906	-1.33838897198913	0.870107121748005
"172"	172	0.997203709387733	0.0376373368501501	1	1	0.735621939758795	-1.33797054169865	1	3	0.00823045267489712	0	0.276629415170282	3	1	-0.1	0.2	0	2	2.04319187054512	0	0	1.96349540849375	1.26393855339999	-2.22044604925031e-17	1	3.57248800362583	0.283628474375229	-3.18511096429269	-6.48941191654348
"173"	173	-0.22082345318695	0.28474222735785	1	1	0.670215921788226	0.600590348211934	1	2	0.0246913580246914	0	0.348872103430225	1	1	-0.4	0.2	3.08148791101958e-34	3	1.88915916375402	0	0	2.3561944901925	1.31148030425285	-4.21884749357559e-16	1	1.99288549203754	3.90421706284941	4.26621063835289	6.95054246536694
"174"	174	-0.874936170269366	-0.521587638430948	1	2	0.801027957729363	-0.129149282233793	1	4	0.0625	0	0.320152755403378	2	0.5	0.2	0.6	1.23259516440783e-33	3	1.67698777432242	0	0	1.570796326795	1.39477086470555	7.7715611723761e-16	1	2.44598891961229	0.776662155388156	-2.75869774632588	3.36760711826697
"175"	175	-0.653632343765003	-0.793526623918511	1	2	0.801027957729363	-1.0273653324657	1	3	0.00823045267489712	2	0.322638031301116	3	1	0	0.4	3.08148791101958e-34	3	2.04319187054512	0	0	1.96349540849375	1.26956483328705	5.55111512312578e-16	1	5.062563237094	4.01742703869431	4.44785394050386	-1.74193769609405
"176"	176	0.681534734331698	0.801099808785169	1	1	0.562335144618808	0.837835653576226	1	2	0.0576131687242798	0	0.326709877079559	1	1	0	0.4	0	2	1.52295506753132	0	0	2.74889357189125	1.22302075261875	-6.66133814775094e-17	1	2.94716530522016	6.54226134774541	0.806330574482584	5.06793530742059
"177"	177	-0.0560272634918348	-0.0560272634918348	1	1	1.14760154800934	4.1843907770859	1	3	0.0246913580246914	0	0.303671127708223	1	1	0.1	-0.1	9.43705672749745e-34	3	1.88915916375402	0	0	1.96349540849375	1.23448269263237	-3.66373598126302e-16	1	6.71873093986852	6.53149646545041	5.99665582571907	-6.22167486009026
"178"	178	-0.150261004685238	-0.329172591589329	1	1	0.445801683819146	-1.21551087112882	1	2	0.0493827160493827	0	0.296977585119763	2	1	-0.2	0.4	1.73333694994851e-34	3	1.67698777432242	0	0	1.96349540849375	0.814973764632383	4.88498130835069e-16	1	0.455914966233905	2.34902675061181	13.4088627295929	0.829904088420928
"179"	179	0.0193759983767169	-0.451711240367974	2	3	0.908908734898781	0.74565992625432	1	4	0.0625	0	0.254268978524442	1	1	0.2	-0.5	0	4	1.88915916375402	0	0	0.7853981633975	1.23433705733464	4.16333634234434e-16	1	6.18502139910445	-0.56417122462546	-1.78035816338371	-5.84454118898506
"180"	180	-0.655848935902311	-0.490672930444102	1	1	0.627741162589377	-2.55664940739496	1	4	0.111111111111111	0	0.310034201284332	3	0.333333333333333	-0.2	0.6	3.08148791101958e-34	2	1.73512645696292	0	0	0.7853981633975	1.33639133684838	-4.9960036108132e-16	1	2.23292528104832	8.71174990156483	-1.49950837573101	-2.82576876029469
"181"	181	0.545547235400439	0.145728912336208	1	3	0.908908734898781	0.288744493678835	1	4	0.0123456790123457	0	0.308256485554874	3	1	0.2	0.4	1.23259516440783e-33	3	2.04319187054512	0	0	1.570796326795	1.3965150748204	-2.88657986402541e-16	1	6.30464863989682	4.62938158320416	5.78235395518701	4.20478098557528
"182"	182	0.0219377744770101	-0.396873581310457	2	5	0.562335144618808	-0.208085398461436	1	5	0.111111111111111	0	0.154478455282976	2	0.333333333333333	-0.2	0.8	2.77333911991762e-33	5	1.73512645696292	0	0	0.7853981633975	0.935889277874835	-3.33066907387547e-16	1	5.59072614508742	7.09539992131513	4.61416832381659	6.79710732153434
"183"	183	-0.716471415494588	-0.563835546857789	1	1	0.735621939758795	-2.81146158045231	1	2	0.0617283950617284	0	0.311730745803156	1	1	0	0.2	7.70371977754894e-35	2	1.52295506753132	0	0	1.96349540849375	0.946052420605073	1.0547118733939e-16	1	1.81575651235113	1.89412788622765	4.7013511701139	-7.67384307764317
"184"	184	-0.481066644545291	-0.626199714184569	3	6	0.380395665848578	-0.168634695179005	0.888888888888889	4	0.166666666666667	0	0.189181659348132	5	0.25	-0.6	0.5	4.33334237487128e-33	4	1.73512645696292	0	0	0.39269908169875	0.591334715577492	-3.77475828372553e-16	1	0.497505053369003	2.64637113639965	0.319268651598085	-1.39867449286965
"185"	185	0.254148569652661	0.0927512393446213	1	1	0.735621939758795	-1.3133501651358	1	4	0.0205761316872428	0	0.25471348646074	3	1	-0.4	0.6	6.93334779979405e-34	5	1.88915916375402	0	0	1.96349540849375	0.828112029070228	-3.10862446895044e-16	1	4.94820545981503	2.31769693544552	1.31657213718117	3.98491042096449
"186"	186	-0.322551144987676	-0.322551144987676	1	2	0.801027957729363	-3.23941623695211	1	2	0.0864197530864197	0	0.326246424516662	3	1	-0.3	0.1	3.08148791101958e-34	2	1.31078367809971	0	0	1.96349540849375	0.83940307931825	7.7715611723761e-17	1	6.68574856712295	0.477212006513795	5.22660111286748	-1.84389552033828
"187"	187	-0.432625762593732	-0.00977390372838327	1	1	0.735621939758795	1.24270943961206	0.888888888888889	4	0.0205761316872428	0	0.339514349292425	1	1	0	-0.4	1.23259516440783e-33	2	1.88915916375402	0	0	1.96349540849375	1.12809418008025	-9.99200722162641e-17	1	4.59802724758301	2.31203158096711	8.01887030765633	2.7931041509017
"188"	188	0.964898149549783	1.09947119734332	1	2	1.38629436111989	-0.248423286672663	1	3	0.0625	0	0.29145828496879	2	1	0	-0.1	0	4	1.73512645696292	0	0	1.570796326795	1.31344376279275	1.66533453693773e-16	1	4.38578559436572	0.470779639753504	4.15774935841693	7.76096122990967
"189"	189	-0.0331725591742399	-0.205508648685244	1	2	0.801027957729363	-3.2283700029272	0.888888888888889	3	0.0205761316872428	0	0.294100037540567	5	1	-0.2	0.8	7.70371977754894e-35	3	1.88915916375402	0	0	1.96349540849375	1.03062352490937	3.33066907387547e-17	1	0.739042394146164	0.538192971722086	-1.31937330065972	-4.69927247077257
"190"	190	0.374950663817023	0.374950663817023	1	2	0.49692912664824	0.201707743678499	1	7	0.0625	0	0.227275525058603	3	0.5	0.2	0.7	7.70371977754894e-35	3	1.88915916375402	0	0	1.17809724509625	1.34955657157334	-2.22738494315422e-16	1	6.84613689357867	6.28086139295104	4.55317674926907	-0.904098072418773
"191"	191	0.393544818542962	0.214208491613893	1	1	0.45445436744939	1.22720799096296	1	3	0.0329218106995885	0	0.344686635262897	1	1	0.2	0.6	3.08148791101958e-34	3	1.73512645696292	0	0	2.3561944901925	1.33690010183824	-2.22044604925031e-16	1	5.28458978462639	0.294302649680303	2.35955000149504	2.56275585266178
"192"	192	-0.403674636298327	0.114078971876558	1	1	0.866433975699932	1.80500190672279	1	2	0.0452674897119342	0	0.307097653574469	3	1	-0.2	0.1	3.08148791101958e-34	3	1.58109375017182	0	0	2.3561944901925	1.18727640110447	-3.44169137633799e-16	1	6.2605368046775	6.66585988163693	-3.71138638008857	8.69975188568143
"193"	193	0.904423616184624	0.43526944869967	1	5	0.627741162589377	1.51970874287413	0.888888888888889	4	0.0625	0	0.226513507193182	1	0.5	0.2	0.5	0	4	1.73512645696292	0	0	1.17809724509625	1.3438150720495	3.77475828372553e-16	1	2.01314811672176	3.2943369785919	2.06631410584021	4.76513768160738
"194"	194	-0.766492253530924	-0.899491032651325	1	1	0.866433975699932	-1.72099709845031	1	2	0.166666666666667	0	0.231058500079242	3	0.25	-0.6	0.6	0	2	2.04319187054512	0	0	1.17809724509625	0.676798376582578	1.11022302462516e-17	1	5.85783678423416	1.07512110034579	2.21213090889481	-0.731726228429611
"195"	195	-0.175144218185688	-0.650254793268976	1	4	0.908908734898781	-0.243251248958298	1	3	0.166666666666667	0	0.270779918899477	1	0.25	-0.4	0.7	3.08148791101958e-34	3	2.19722457733622	0	0	1.17809724509625	0.826426607355837	-3.66373598126302e-16	1	1.78578146344062	3.83508158377962	6.70508656908844	-0.199192387769514
"196"	196	-1.1163944074755	-0.269323485331171	2	4	1.03972077083992	-1.19613190652989	1	5	0.166666666666667	0	0.239802060643108	2	0.25	-0.3	0.6	6.93334779979405e-34	3	1.88915916375402	0	0	0.7853981633975	0.880935181484278	2.33146835171283e-16	1	5.96737231337379	2.671996973112	5.67544498978314	-0.970731034007485
"197"	197	0.992417435426706	0.0868636109031417	1	2	0.908908734898781	2.28862766056333	1	4	0.104166666666667	0	0.256789121906892	2	0.5	0.2	-0.4	4.93038065763132e-33	4	1.88915916375402	0	0	1.570796326795	1.2915327812125	1.99840144432528e-16	1	5.87070640300279	5.32329970792011	5.14101730989288	4.08724722041751
"198"	198	0.208504535861246	0.377993149233587	1	2	0.693147180559945	2.15157930525088	1	6	0	0	0.299592386567432	2	1	0	0.2	3.08148791101958e-34	3	2.19722457733622	0	0	1.96349540849375	1.1730995099265	-3.60822483003176e-16	1	4.30134105862405	6.70992637823482	-0.00938987629514365	-1.16304989870908
"199"	199	0.43241353924732	0.377637437521791	1	1	0.801027957729363	2.31624245219396	1	5	0.0205761316872428	0	0.265081277232805	2	1	-0.1	0.6	7.70371977754894e-35	2	1.88915916375402	0	0	2.3561944901925	0.87534006319729	-3.5527136788005e-16	1	2.67411453329907	4.82351459525121	7.57347145368852	0.374205776512476
"200"	200	0.02318991398974	0.02318991398974	2	4	1.03972077083992	0.123123259777026	0.888888888888889	5	0.111111111111111	0	0.30675172312908	2	0.666666666666667	-0.3	0.5	2.77333911991762e-33	6	1.88915916375402	0	0	0.7853981633975	1.13590524746731	4.71844785465692e-16	1	2.75669577433498	3.35920131249296	4.77888596064669	0.850761714052661
"201"	201	0.910677667618147	1.04758745478906	1	1	1.14760154800934	0.893005564388297	0.888888888888889	3	0.0493827160493827	0	0.288845114783126	5	1	-0.2	0.5	0	2	1.67698777432242	0	0	1.96349540849375	1.32482753471204	6.66133814775094e-17	1	0.962268289994725	3.75516789487985	10.2670856091723	9.54554740134033
"202"	202	-0.270890233249582	-0.321111663452426	1	2	0.974314752869349	-3.29141292653517	1	4	0.0205761316872428	0	0.299745904435935	2	1	-0.2	0.4	3.08148791101958e-34	3	1.88915916375402	0	0	1.570796326795	1.06271190532472	-4.10782519111308e-16	1	0.379604157888598	2.38190655893766	1.82554174617806	0.917486276718708
"203"	203	-0.591368938480774	-1.03242567374274	2	4	0.735621939758795	-0.273144261403612	1	5	0.111111111111111	0	0.301906129247113	2	0.333333333333333	-0.3	0.8	7.70371977754894e-35	4	1.88915916375402	0	0	0.7853981633975	0.988192614641161	3.10862446895044e-16	1	2.76930202227189	3.26810756706293	1.87032264144483	3.97941677458374
"204"	204	-0.664933978961984	-0.664933978961984	1	1	0.627741162589377	4.05826714274901	1	2	0.0246913580246914	0	0.320167313334231	1	1	0.6	0.4	1.23259516440783e-33	2	1.88915916375402	0	0	2.3561944901925	1.49123749368294	3.99680288865056e-16	1	6.46227142544286	6.00647405664382	2.96863901797035	-3.85118009958824
"205"	205	0.257068709078835	0.0845025453555073	1	3	1.03972077083992	-1.15580664755442	1	4	0.125	0	0.284896994081108	1	1	0	0.5	3.08148791101958e-34	3	1.88915916375402	0	0	1.17809724509625	1.51720665654581	-7.7715611723761e-17	1	3.55334322209735	5.04361518006299	2.07769478164049	3.02262609793347
"206"	206	-0.952168471114408	-0.803130352463206	1	2	0.866433975699932	-1.22292933052717	1	3	0.166666666666667	0	0.305020668946997	3	0.25	-0.6	0.6	6.93334779979405e-34	3	1.88915916375402	0	0	1.17809724509625	0.503912301563742	3.77475828372553e-16	1	2.59439205862375	1.89967900925027	6.02774048222455	2.95599178828917
"207"	207	0.315934842996889	-0.211354570800609	1	1	0.670215921788226	-0.813762205758815	1	3	0.00823045267489712	0	0.342874032213031	1	1	0.1	0	3.08148791101958e-34	3	2.04319187054512	0	0	2.3561944901925	1.08407479254986	-3.33066907387547e-16	1	1.28897978967766	5.31444512628298	6.85316075933542	5.2946396576966
"208"	208	-0.305681935642332	-0.459502361175493	1	2	0.974314752869349	0.493910148169897	1	4	0.0625	0	0.285522114574613	3	0.5	0.1	0	3.08148791101958e-34	3	1.88915916375402	0	0	1.570796326795	1.37082611522753	-2.66453525910038e-16	1	2.88058990024362	5.40090828952585	8.03467457304908	-0.452769005491442
"209"	209	-0.68439581299524	-0.830202578528297	1	1	1.08219553003877	-1.75857880666504	1	4	0.0329218106995885	0	0.278819586719012	3	1	0	0	1.23259516440783e-33	2	1.73512645696292	0	0	1.17809724509625	1.41627967784789	4.88498130835069e-16	1	4.48007226546711	2.48079747439512	-3.47683609488496	4.28344653342403
"210"	210	-0.976507642151118	-0.166390759373802	1	1	0.431523108677671	-1.88434452428319	1	3	0.0576131687242798	0	0.344005556391345	2	1	-0.2	0.2	3.08148791101958e-34	2	1.52295506753132	0	0	2.74889357189125	1.05532613776875	1.11022302462516e-16	1	-0.177018352775071	9.5951750244063	3.39749178259205	4.93789623514569
"211"	211	0.468245909338503	-0.0610017320461966	1	2	0.908908734898781	-2.00359558625734	1	3	0.0452674897119342	0	0.294508957869993	5	1	-0.6	0.2	3.08148791101958e-34	3	1.67698777432242	0	0	1.96349540849375	0.812813885685344	2.91433543964104e-17	1	2.00880596848219	1.26590512902149	-4.80485059997883	1.67200031078781
"212"	212	-0.526521089858141	0.525987291203169	1	2	0.801027957729363	-1.17548713465908	1	2	0.0205761316872428	2	0.425339314469982	3	1	-0.3	0.4	0	3	1.88915916375402	0	0	1.96349540849375	0.98172547939804	-3.5527136788005e-16	1	4.92248624662741	1.22188638685652	3.52522980916528	-0.407616959104076
"213"	213	0.477098034995828	0.302967711377664	1	2	0.562335144618808	1.64756967246099	1	3	0.0205761316872428	0	0.291461306154149	2	1	-0.2	-0.4	0	4	1.88915916375402	0	0	1.96349540849375	1.33246842943136	1.4432899320127e-16	1	4.00020741659212	5.98658121540208	1.9849337886305	-7.80186557757855
"214"	214	-0.188003433437783	-0.343828578527964	1	2	0.735621939758795	0.900178586750399	1	3	0.0246913580246914	2	0.331375402154167	3	1	0.1	0.5	0	3	1.88915916375402	0	0	1.96349540849375	1.23164926827126	7.7715611723761e-17	1	2.73129922351047	5.66710563348585	2.03860882232259	7.14102353686047
"215"	215	-0.052467301813281	-0.21621712754143	1	3	0.97431475286935	0.973834447185132	1	5	0.0625	0	0.252799691026079	1	1	-0.3	0.2	1.23259516440783e-33	4	1.88915916375402	0	0	1.17809724509625	1.24492689688304	-3.10862446895044e-16	1	2.35490360205569	3.38111348780984	2.16483469535155	2.73008409604639
"216"	216	-0.0528261899681026	-0.229600467116983	1	1	0.661563238157982	2.76410163946098	0.888888888888889	5	0.0329218106995885	0	0.312585519079304	2	1	0.2	0.2	4.93038065763132e-33	3	1.73512645696292	0	0	1.96349540849375	1.34907846138538	2.55351295663786e-16	1	5.2814776247302	4.04267645836611	5.71460373655074	-1.85369278992787
"217"	217	0.94061809570801	-0.00454723185333633	1	3	0.562335144618808	-0.262031124284412	0.777777777777778	4	0.0625	2	0.369921511823019	5	0.5	-0.2	0.6	3.08148791101958e-34	3	1.88915916375402	0	0	1.570796326795	1.00852670011707	-4.44089209850063e-16	1	3.54146341278953	4.87888668215208	-4.38313336354705	-0.51967028351996
"218"	218	-0.74125617227721	-0.878021486344749	1	2	0.627741162589377	-0.994162416868136	0.888888888888889	3	0.0625	2	0.237670295152833	2	0.5	0.1	0.6	2.77333911991762e-33	3	1.73512645696292	0	0	1.570796326795	1.29435894066508	-6.21724893790088e-16	1	3.89678950163611	6.74735308655449	-0.0234481664052302	0.303344597280591
"219"	219	1.14628874761676	0.123205319539595	1	1	1.08219553003877	0.561478752570972	1	3	0.037037037037037	0	0.350138490722759	3	1	0.6	0.1	0	3	1.73512645696292	0	0	1.96349540849375	1.35162598985009	-5.44009282066327e-16	1	5.4333159027734	4.3632994523319	0.975731551931122	5.64335989542874
"220"	220	0.670706770465257	-0.438778151189169	1	2	0.562335144618808	-1.43476864396579	1	3	0.0625	0	0.273434976529412	1	0.5	-0.4	0.5	3.08148791101958e-34	3	1.88915916375402	0	0	0.7853981633975	1.07534547552873	-2.88657986402541e-16	1	3.45221335440343	6.19409569316536	-3.78745142009212	3.64171306831629
"221"	221	0.712647065306462	0.554909361852597	1	3	0.627741162589377	0.684747845902763	1	6	0.111111111111111	0	0.263182972483075	1	0.333333333333333	0	0.2	3.08148791101958e-34	4	1.52295506753132	0	0	0.7853981633975	1.21068132759737	-3.5527136788005e-16	1	5.78932175571896	5.034785080544	-0.0348549572088861	-0.973959706315864
"222"	222	-0.549639210958551	0.52715212464978	1	1	1.14760154800934	1.43988482655547	1	4	0.00823045267489712	0	0.301708168731165	1	1	0.3	-0.4	3.08148791101958e-34	4	2.04319187054512	0	0	1.570796326795	1.3807095047912	1.22124532708767e-16	1	1.78624123403579	5.69004625186971	-3.56522572300972	3.04346772085217
"223"	223	-0.618573045603807	-0.085286758347294	1	1	0.627741162589377	-1.10925860888634	1	5	0.0329218106995885	0	0.308520139777524	1	1	0.2	-0.4	3.08148791101958e-34	2	1.73512645696292	0	0	2.3561944901925	1.10926418978584	-3.15893144975377e-16	1	7.0837220395229	5.42796357186197	0.548110701883815	10.472351754074
"224"	224	-0.622595620617481	-0.480137189979916	1	2	0.380395665848578	2.08669361312185	1	4	0.0625	0	0.244603452584454	3	0.5	-0.1	0.5	3.08148791101958e-34	6	2.04319187054512	0	0	1.17809724509625	1.44769440436663	2.77555756156289e-16	1	3.45393032844832	5.27740801058093	1.3283639175496	2.71416944149975
"225"	225	-0.859841669420797	-0.995085466284285	2	4	0.693147180559945	-0.283457933963547	1	5	0.0625	0	0.207501511421482	1	1	-0.1	0.4	0	3	1.73512645696292	0	0	0.7853981633975	1.24571427986368	-2.66453525910038e-16	1	1.60565352088304	5.67207616471308	-3.99016315752957	-3.43326649821459
"226"	226	-0.907739247207662	-1.03833463310492	1	1	0.389048349478822	1.10800968227079	1	3	0.0452674897119342	0	0.281005282189009	1	1	0.3	-0.2	1.92592994438724e-33	2	1.58109375017182	0	0	1.96349540849375	1.12406910388754	3.99680288865056e-16	1	6.59062015263348	4.3317659268665	2.44040814073504	5.84672515691931
"227"	227	-0.490353794275333	-0.306021479860727	1	1	0.693147180559945	-2.2213519621338	1	3	0.0246913580246914	0	0.332795101710441	2	1	-0.2	0.2	1.23259516440783e-33	3	1.88915916375402	0	0	2.3561944901925	0.576790117018636	4.10782519111308e-16	1	4.14162355867443	2.01974003310416	-0.235417055729726	-10.6868911207691
"228"	228	0.302510313588005	0.493685652424681	1	1	1.0167895120682	-1.80288431849435	1	4	0.0246913580246914	0	0.293835486444846	5	1	-0.1	0.6	0	3	1.88915916375402	0	0	1.570796326795	1.22366976084796	4.21884749357559e-16	1	-1.17353798379446	5.57661056452469	4.85395975834822	1.05891963053111
"229"	229	0.541663580128369	0.210792468610547	1	2	0.801027957729363	-0.130801998407443	0.888888888888889	3	0.125	0	0.43578215834258	2	0.5	-0.4	0.3	4.93038065763132e-33	3	2.04319187054512	0	0	1.570796326795	1.13194018889699	3.21964677141295e-16	1	3.78589386319388	1.56426723252442	6.01771078723976	-1.81990707193077
"230"	230	-0.425956751835352	-1.12626404805786	2	5	0.735621939758795	-0.146341432165898	1	5	0.166666666666667	0	0.298140442289227	3	0.25	-0.2	0.8	0	4	1.73512645696292	0	0	0.7853981633975	1.09703943777107	1.55431223447522e-16	1	4.04692237026513	4.93269355278251	0.404771371117686	-2.73311585610771
"231"	231	-0.983057984375055	-0.0810945832075203	1	1	1.03972077083992	0.612038050398792	1	3	0.0246913580246914	0	0.345635346830852	1	1	0.2	-0.4	6.93334779979405e-34	3	1.88915916375402	0	0	2.3561944901925	1.20734059096189	9.99200722162641e-17	1	7.16628244215102	5.44479176593377	4.45559327245553	0.398041773501888
"232"	232	0.80337422574047	0.960222446504878	1	2	0.866433975699932	-2.71960461554754	1	3	0.00823045267489712	0	0.303914559513121	5	1	-0.3	0.5	6.93334779979405e-34	2	2.04319187054512	0	0	1.96349540849375	1.03168394458527	4.9960036108132e-16	1	5.3409106108172	0.843260515328026	2.55087722099466	1.4611911850898
"233"	233	0.422343342324051	0.184010306895913	2	5	0.562335144618808	-0.242660175872571	1	5	0.0416666666666667	0	0.187362527196134	1	0.5	-0.1	0.6	6.93334779979405e-34	4	1.88915916375402	0	0	0.7853981633975	1.16106878112745	5.10702591327572e-16	1	6.25177649962591	3.37244831090513	-0.76336062958265	1.61725446203386
"234"	234	-0.0574496561489799	0.125666338922981	1	2	0.249583629907441	3.58089990249505	0.888888888888889	4	0.0329218106995885	0	0.317949169418858	2	1	-0.6	0.5	0	3	1.73512645696292	0	0	1.96349540849375	1.48247680254183	0	1	2.51817722514482	2.24420808255847	6.35561058683915	-3.09739336107583
"235"	235	1.02184299109453	-0.087759039429707	1	2	1.14760154800934	-1.87468317598456	1	3	0.0329218106995885	0	0.315555219483551	2	1	-0.6	0.4	3.08148791101958e-34	2	1.73512645696292	0	0	1.570796326795	1.05299163629947	3.77475828372553e-16	1	1.48229821409663	0.346733797514582	-0.999309417394001	-1.97384625779444
"236"	236	-0.108889502372295	-0.285365998284554	1	2	0.45445436744939	-0.39145091087077	1	3	0.0123456790123457	0	0.304151072366152	2	1	0.2	0.8	3.08148791101958e-34	4	2.04319187054512	0	0	1.570796326795	1.33941836150581	2.22044604925031e-17	1	4.55917943038227	6.52089561952573	-2.24130314246227	0.302873161584273
"237"	237	0.982409065459826	1.13317374703284	1	1	0.49692912664824	-0.289392302079577	1	2	0.0246913580246914	0	0.351809140666565	2	1	-0.2	0.6	4.93038065763132e-33	2	1.88915916375402	0	0	2.74889357189125	1.36326251029359	1.22124532708767e-16	1	1.36032741086589	4.29149547533678	0.956284673197936	5.44180830196224
"238"	238	-0.290779510001466	-0.467891614742943	1	3	1.08219553003877	1.97140668031955	1	4	0.0625	0	0.275863430759015	3	0.5	0.1	-0.1	3.08148791101958e-34	4	2.04319187054512	0	0	1.17809724509625	1.46972648663197	5.99520433297585e-16	1	4.94447889258011	5.02538004955709	8.16689736082934	7.32584741582417
"239"	239	0.362081632087681	0.635840196579438	1	2	0.801027957729363	-0.554143401432083	1	5	0.0625	2	0.298846543879498	1	0.5	-0.5	0.5	3.08148791101958e-34	3	2.04319187054512	0	0	1.96349540849375	1.06244959132071	-4.96824803519758e-16	1	4.15270880723883	5.46317622532406	3.90166947537089	9.40595859773637
"240"	240	-0.575101484495023	-0.417210816086698	1	2	0.908908734898781	0.890293219354072	1	5	0.0576131687242798	0	0.268668000842149	2	1	-0.1	0.1	1.23259516440783e-33	3	1.52295506753132	0	0	1.570796326795	1.2334412031948	0	1	5.80168966957114	1.90628750489789	0.682083187355852	2.99308932248694
"241"	241	-0.420227249578372	-0.247308103061875	1	1	0.866433975699932	2.58358777167252	1	2	0.0246913580246914	0	0.34572991611934	1	1	0.2	0.3	1.23259516440783e-33	2	1.88915916375402	0	0	2.3561944901925	1.37541511221465	-2.1094237467878e-16	1	3.78639457338546	0.572408459746772	4.58353835503463	-3.11035176009948
"242"	242	-0.717771459126419	-0.864312315053742	1	4	0.735621939758795	-0.691873536228106	1	4	0.104166666666667	0	0.257673281328376	1	0.5	0	0.1	7.70371977754894e-35	3	1.52295506753132	0	0	0.7853981633975	1.47494079457606	-2.66453525910038e-16	1	5.73979439744215	4.52521067484762	0.824980599217253	9.23376312205191
"243"	243	1.04963871807399	0.603816672340196	1	1	1.14760154800934	2.32491713350968	1	5	0.0205761316872428	0	0.304078381137734	2	1	-0.1	0	3.08148791101958e-34	3	1.88915916375402	0	0	1.96349540849375	0.80784307595197	-4.44089209850063e-17	1	3.524518398242	5.71321100495961	2.55474767602567	0.273871847015959
"244"	244	0.098020061841021	-0.250231824955258	2	4	1.38629436111989	-0.772649216704424	0.888888888888889	4	0.111111111111111	0	0.241783048022157	2	0.333333333333333	-0.4	0.5	0	3	1.88915916375402	0	0	0.7853981633975	1.25870325275738	3.85802501057242e-16	1	3.0192181066825	3.92516719032259	-3.93946180811815	4.28808655347417
"245"	245	-0.307966466581651	0.113570505883228	1	2	0.801027957729363	-0.15477298779631	1	5	0.0625	2	0.310911980075699	1	0.5	0	0.4	0	3	1.88915916375402	0	0	0.7853981633975	1.10730331192514	-5.99520433297585e-16	1	5.03047135715485	3.45635073397029	1.20671292060284	-0.344245595625497
"246"	246	-0.687123446226172	-0.516282616096534	1	1	0.908908734898781	0.127384276954253	1	4	0.037037037037037	0	0.310862185726339	2	1	0	0.4	0	2	1.73512645696292	0	0	1.96349540849375	1.24514968651665	-1.99840144432528e-16	1	7.37027815985549	3.520646579709	2.67690188413955	5.01496910811645
"247"	247	1.09461403344977	0.648604088473542	1	2	0.49692912664824	0.652294272467963	1	3	0.104166666666667	2	0.296539484240325	2	0.5	-0.4	0.4	1.23259516440783e-33	5	2.19722457733622	0	0	1.570796326795	1.20312448913192	7.14706072102445e-16	1	0.808746974486168	4.09414207692028	4.67960489190153	0.575499487661452
"248"	248	-0.933944400040772	-0.15594561316515	1	3	1.03972077083992	-0.854889686974577	1	4	0.111111111111111	0	0.276542759878145	1	0.333333333333333	0	0.4	4.93038065763132e-33	2	1.52295506753132	0	0	1.17809724509625	1.54851805784367	3.33066907387547e-16	1	7.02160567744442	4.75754288768092	7.71381293657575	-2.03175318554508
"249"	249	0.024129884749014	-0.447881322052757	2	4	1.03972077083992	-1.16084106269663	1	4	0.111111111111111	0	0.250026913336397	1	0.333333333333333	-0.3	0.5	7.70371977754894e-35	2	1.88915916375402	0	0	0.7853981633975	1.31958522043259	1.11022302462516e-16	1	4.90674862014616	3.56651026295703	-5.62412986035659	-4.34896299974656
"250"	250	-0.0748197541878382	-0.0748197541878382	1	1	0.908908734898781	-1.53462027393971	1	2	0.037037037037037	0	0.320336693611749	3	1	0	0.4	0	2	1.73512645696292	0	0	2.74889357189125	1.50849911563652	0	1	5.95350351155265	1.13042622139728	4.40827160917793	3.39252339870363
"251"	251	-0.279340292125785	-0.332953366326465	1	3	0.562335144618808	-1.65730589764565	1	4	0.0205761316872428	0	0.295409219851975	5	1	-0.2	0.4	0	3	1.88915916375402	0	0	1.570796326795	1.49596867995384	5.10702591327572e-16	1	5.94187328973185	3.24033388463291	1.55512464340137	4.98379080807339
"252"	252	0.0111762540452849	0.167765161408846	1	2	1.08219553003877	0.391695245305912	0.888888888888889	6	0.166666666666667	0	0.185069541857953	1	0.25	-0.4	0.6	1.23259516440783e-33	5	1.73512645696292	0	0	0.7853981633975	0.645171613853782	-4.88498130835069e-16	1	3.2152590751478	1.60939807222948	-3.89199918795414	-1.59915628038374
"253"	253	-0.427451470126172	-0.256667233788511	1	2	0.735621939758795	-0.179913094323868	1	3	0.0625	2	0.252084137470187	1	0.5	-0.5	0.5	7.70371977754894e-35	3	1.88915916375402	0	0	1.96349540849375	0.704836967522804	-8.32667268468867e-18	1	3.70396458959654	5.36040295332905	2.17387320091545	-5.08550543403158
"254"	254	0.492818034921082	0.925771874594672	1	2	1.03972077083992	0.170332236218468	1	4	0.0416666666666667	0	0.253018690228764	2	0.5	-0.2	0.3	3.08148791101958e-34	3	1.73512645696292	0	0	1.570796326795	1.21716500897044	2.77555756156289e-17	1	4.5910775369176	3.3826373801588	-1.50546591986881	3.74893479422845
"255"	255	-0.465145731497417	-0.636573753835899	1	2	0.627741162589377	-1.08947694264838	1	3	0.125	0	0.24708224450742	1	0.5	-0.1	0.7	0	3	1.88915916375402	0	0	1.96349540849375	0.818142165278007	2.77555756156289e-16	1	5.17980653535769	3.11883643014171	7.03727657844326	7.44747511132761
"256"	256	-0.0439764898371671	0.00458041013827234	1	1	1.2130075659799	0.253650853969945	1	6	0.111111111111111	0	0.295894994305372	3	0.333333333333333	-0.2	0.6	0	2	1.52295506753132	0	0	0.7853981633975	1.21212935618038	3.91353616180368e-16	1	5.80007828682156	2.80641417760027	-0.126311969360524	2.18517724163559
"257"	257	0.0263463618373029	0.206289869486493	1	1	0.323642331508253	4.16358173613174	1	3	0.0329218106995885	0	0.309586852526597	1	1	0.4	0	3.08148791101958e-34	3	1.73512645696292	0	0	2.3561944901925	0.789052126798244	-5.44009282066327e-16	1	5.01744062325413	6.74199328177281	0.11006980970614	1.75792221042126
"258"	258	-0.487402897310496	-0.315709131764816	1	1	0.519860385419959	-0.0326200676747855	1	2	0.037037037037037	0	0.289576203345133	1	1	0.4	0.1	3.08148791101958e-34	3	1.73512645696292	0	0	2.3561944901925	0.854248356387187	-3.5527136788005e-16	1	1.88925964978312	3.62485872446851	-3.93731966545538	5.59692843206538
"259"	259	-0.134246836499445	-0.134246836499445	1	1	0.215761554338836	-1.63739494038187	0.888888888888889	4	0.00823045267489712	0	0.27744771216938	5	1	-0.5	0.4	2.77333911991762e-33	2	2.04319187054512	0	0	1.570796326795	1.29863057056994	3.33066907387547e-16	1	3.13603525393731	3.6022125138484	-0.925974390145158	8.59344865541494
"260"	260	-0.573847611627375	-0.416683044739689	1	1	0.974314752869349	-1.24757508053846	1	3	0.0246913580246914	0	0.346323423831025	1	1	-0.2	0.6	2.77333911991762e-33	3	1.88915916375402	0	0	2.3561944901925	1.13607922627539	-1.77635683940025e-16	1	1.3152931907558	6.26819896096024	6.76738255538684	-2.46881799702854
"261"	261	-0.789230279167501	-0.644877126716745	1	2	0.908908734898781	-0.596156133643247	1	3	0.0625	0	0.26223313022945	5	0.5	-0.3	0.5	3.08148791101958e-34	3	2.04319187054512	0	0	1.570796326795	0.918506188985332	-1.94289029309402e-16	1	10.0289453882835	5.43505552391734	4.70879864306582	0.97315010690691
"262"	262	0.710966512433089	0.861732954944634	1	2	0.314989647878009	-1.06992277919646	1	5	0.0625	0	0.243652412429327	1	0.5	-0.2	0.8	7.70371977754894e-35	3	2.04319187054512	0	0	1.570796326795	0.99563864049945	5.88418203051333e-16	1	3.51538533137057	6.27023975597888	10.5420800417537	0.0213751352178826
"263"	263	0.417085010740971	-0.0769014628677824	1	1	0.801027957729363	2.71667000191906	1	3	0.0205761316872428	2	0.319116472819438	2	1	0	0.2	1.73333694994851e-34	3	1.88915916375402	0	0	1.96349540849375	0.934698517998985	-2.60902410786912e-16	1	-0.409337711270464	3.37309578961929	4.03416475653928	-2.4251917450951
"264"	264	0.963371917423695	1.10683536900356	1	2	1.03972077083992	0.47028810512947	1	3	0.0576131687242798	2	0.328344931802255	3	1	0.1	0.1	3.08148791101958e-34	3	1.52295506753132	0	0	1.96349540849375	1.20399014403921	-3.21964677141295e-16	1	0.466440506872686	2.63613991599416	-1.05213704003695	4.52817391159492
"265"	265	-0.639235311636979	-0.787723088409799	1	4	1.03972077083992	0.371476013033843	1	5	0.111111111111111	2	0.211001348912903	2	0.333333333333333	-0.3	0.4	0	3	1.88915916375402	0	0	0.7853981633975	1.10917688191787	-3.10862446895044e-16	1	2.04925075291639	3.67400304219241	-2.08595272988059	0.100131841551031
"266"	266	-0.660172256610401	-0.821683160330611	1	2	0.380395665848578	1.80870025526739	1	3	0.125	0	0.284930618495138	2	0.5	-0.1	0.2	1.23259516440783e-33	3	1.67698777432242	0	0	1.570796326795	1.44285147309483	2.60902410786912e-16	1	2.19693851970866	3.73131978940647	0.326356933662495	6.12772929335041
"267"	267	-1.05480383908715	-0.903693582142404	1	3	1.03972077083992	-1.60751717038213	1	4	0.111111111111111	0	0.281624493745689	1	0.333333333333333	-0.2	0.4	0	2	1.88915916375402	0	0	1.17809724509625	1.29761092458717	2.33146835171283e-16	1	4.90062681970096	5.61254324223258	-0.0146119530101205	0.27359498908227
"268"	268	-0.342588244562352	0.163960765581459	1	2	0.97431475286935	1.33605341262583	1	3	0.0416666666666667	0	0.307571268806088	2	0.5	-0.2	0.2	0	3	1.73512645696292	0	0	1.17809724509625	1.24893625770736	9.99200722162641e-17	1	-0.45767204851159	3.07234170980488	2.807445691708	3.96204717934878
"269"	269	0.422946364295457	0.596090607407928	1	1	0.562335144618808	-1.77404138357343	0.888888888888889	3	0.0329218106995885	0	0.349671841300942	2	1	-0.2	0.2	1.23259516440783e-33	3	1.73512645696292	0	0	2.3561944901925	1.23977614717578	2.05391259555654e-16	1	2.98349663046025	1.8061330620068	8.54515713787001	8.35713855179609
"270"	270	-0.859337155360472	-0.715390544674319	2	4	0.801027957729363	-1.14157554059654	1	4	0.111111111111111	0	0.21163087896523	2	0.333333333333333	-0.5	0.4	7.70371977754894e-35	3	1.52295506753132	0	0	0.7853981633975	1.03991640667973	-1.11022302462516e-16	1	1.924026836405	2.75806826057427	1.64621408320958	1.99612516166358
"271"	271	-0.446456074137205	-0.281195744927874	1	3	1.14760154800934	-0.198116463368033	1	4	0.111111111111111	0	0.299107220846565	1	0.333333333333333	-0.1	0.6	3.08148791101958e-34	3	1.88915916375402	0	0	1.570796326795	1.37046379853236	-3.77475828372553e-16	1	4.05904562205973	3.05713975010481	-0.720371191297867	0.695801405873499
"272"	272	-0.389306683692562	-0.235942583435841	1	1	0.488276443017996	0.912995317484682	1	2	0.0205761316872428	0	0.292478329478061	1	1	-0.6	0.1	7.70371977754894e-35	3	1.88915916375402	0	0	1.96349540849375	0.844443728980624	5.05151476204446e-16	1	3.81004566722119	1.67127149048126	3.54981531324205	1.86919096482313
"273"	273	-1.14736640901287	0.097450751730954	2	4	0.97431475286935	-0.230751970420588	0.888888888888889	4	0.111111111111111	0	0.159313891052482	2	0.333333333333333	-0.4	0.5	1.92592994438724e-35	3	1.88915916375402	0	0	0.39269908169875	0.958758682058607	-7.9658502016855e-16	1	6.22637353614403	2.67260849660484	0.0850536899078258	-5.62595408179794
"274"	274	0.408249815426048	0.185375813218681	1	2	0.693147180559945	-1.82064869236986	0.888888888888889	3	0.0617283950617284	0	0.323358863525386	2	1	-0.05	0.2	2.77333911991762e-33	2	1.52295506753132	0	0	1.570796326795	1.16002414656533	9.43689570931383e-17	1	-0.452892724882645	5.33904174546721	3.47483175737081	9.16024361369247
"275"	275	-0.304332983578578	-0.385771006781555	1	2	0.693147180559945	-0.118321154560638	0.888888888888889	2	0.166666666666667	0	0.204484737166787	1	0.25	-0.7	0.7	1.23259516440783e-33	3	1.88915916375402	0	0	0.7853981633975	0.754743295814929	1.99840144432528e-16	1	0.453787706481781	0.488381499091703	0.225880646268388	-0.517787546603206
"276"	276	-0.818654484737958	-0.267394108241848	1	2	0.908908734898781	3.03157406874568	1	3	0.0493827160493827	0	0.309752046637055	2	1	-0.3	0.3	3.08148791101958e-34	4	1.67698777432242	0	0	1.96349540849375	0.963478547996771	1.4432899320127e-16	1	-1.20469523505565	3.09055314998733	4.70293357302692	-6.6851141913429
"277"	277	-0.988604747520849	-1.12869913164175	1	1	0.801027957729363	1.09497288674246	1	3	0.0246913580246914	0	0.350808097005521	2	1	-0.1	0.4	1.23259516440783e-33	4	1.88915916375402	0	0	2.3561944901925	1.1711658586272	1.5334955527635e-16	1	4.66263422445072	2.02463640447087	2.53544031531771	-4.42877640021395
"278"	278	-0.893666793472659	-0.222566260231177	1	1	1.03972077083992	2.10313310884462	1	4	0.0329218106995885	0	0.336211807619772	3	1	-0.1	0.3	0	2	1.73512645696292	0	0	2.3561944901925	1.23567842400683	1.33226762955019e-16	1	4.27210195351659	4.17937857538093	8.57684454125495	3.60696774686912
"279"	279	0.0155667341033042	0.175178977477056	1	1	0.585266403390527	0.605461018943318	1	4	0.0329218106995885	0	0.297631662324649	3	1	-0.1	0.6	1.23259516440783e-33	4	1.73512645696292	0	0	1.570796326795	1.42790307144936	4.32986979603811e-16	1	3.59735779504535	5.21101481649156	-0.441967411141505	0.568705514286935
"280"	280	0.151871119886824	-0.0405951308654868	1	1	0.801027957729363	3.35358508939441	1	3	0.037037037037037	0	0.350343723407767	1	1	-0.3	0.2	3.08148791101958e-34	3	1.73512645696292	0	0	2.3561944901925	1.40240089105515	4.71844785465692e-16	1	5.25257212843274	5.10688920585595	4.48902330706239	3.39501485217377
"281"	281	0.415228587518515	0.581521885932836	1	2	1.08219553003877	3.21871684439623	1	3	0.0246913580246914	2	0.333530438269624	2	1	0	0.2	3.08148791101958e-34	3	1.88915916375402	0	0	1.96349540849375	1.23209269150536	-2.38697950294409e-16	1	7.02394388618212	7.01096213772841	-2.17501529414592	-1.06089544555379
"282"	282	-0.223859357329182	-0.0607666752925479	1	1	0.562335144618808	-0.983653344756657	0.777777777777778	4	0.166666666666667	0	0.208527543471684	3	0.25	-0.6	0.6	7.70371977754894e-35	5	1.88915916375402	0	0	1.17809724509625	0.583617033612452	4.44089209850063e-16	1	0.582274899249803	5.51215987066287	-1.16894822327979	7.1497334258763
"283"	283	-0.33383970197739	-1.04863284443346	1	1	0.801027957729363	2.08951913448096	0.888888888888889	4	0.0329218106995885	0	0.301904142355559	2	1	-0.4	0.6	7.70371977754894e-35	3	1.73512645696292	0	0	1.570796326795	0.777708766455156	2.22044604925031e-16	1	4.95047665756407	0.503119318163961	-1.75500462564432	-2.87269448568134
"284"	284	0.946243295367334	-1.22296765875081	1	1	0.627741162589377	-1.23355706764135	1	4	0.0205761316872428	0	0.301191089479529	1	1	0.1	0	1.23259516440783e-33	2	1.88915916375402	0	0	2.3561944901925	1.34223972535781	3.77475828372553e-16	1	4.29256435299923	2.25383840026041	7.89809316445854	-0.661397411033712
"285"	285	0.633334022863573	0.144605648316189	1	1	1.14760154800934	-1.42356008107235	1	5	0.00823045267489712	0	0.325221325106616	2	1	0.2	-0.1	0	2	2.04319187054512	0	0	1.96349540849375	1.22373973238284	-3.10862446895044e-16	1	6.07283035358189	2.839053779155	3.01264117145923	15.8205052853219
"286"	286	-0.490190278574249	-0.490190278574249	1	1	0.801027957729363	2.75708921059583	1	2	0.037037037037037	0	0.320863785797164	1	1	0.2	0.4	1.23259516440783e-33	2	1.73512645696292	0	0	2.74889357189125	1.52560262056064	1.99840144432528e-16	1	1.97822047989804	3.63537760266516	1.49779921344508	1.80371130308233
"287"	287	0.123437519039676	-0.0292204837203781	2	3	0.627741162589377	0.124672399153515	0.888888888888889	3	0.0625	0	0.228045349409011	1	1	-0.1	-0.7	1.56000325495366e-33	4	1.88915916375402	0	0	1.17809724509625	1.43742808781648	-5.55111512312578e-17	1	5.02953862394039	3.93009962265995	2.50095606699288	3.51795523543561
"288"	288	-0.310850428180809	-0.310850428180809	1	1	0.519860385419959	1.25812585599312	0.888888888888889	2	0.0452674897119342	0	0.309577875460147	1	1	0.1	-0.4	1.23259516440783e-33	3	1.67698777432242	0	0	1.96349540849375	0.915170722984134	3.99680288865056e-16	1	2.83776302245818	8.77360910897828	-1.0495859534538	3.23604524178189
"289"	289	-0.207480997420512	-0.0523857158266515	2	4	0.49692912664824	0.372927561014702	0.888888888888889	4	0.111111111111111	0	0.452872001179142	1	0.666666666666667	-0.3	0.5	1.23259516440783e-33	5	1.73512645696292	0	0	0.7853981633975	1.2659042690398	5.49560397189453e-16	1	1.75708380298772	3.0659958214886	1.90135461111723	4.99461971936272
"290"	290	-0.0459145016812438	0.459335022241088	1	2	0.974314752869349	-0.979933443600464	1	3	0.125	0	0.276903435800473	2	0.5	-0.2	0.4	3.08148791101958e-34	4	1.67698777432242	0	0	0.7853981633975	1.0397027753385	-6.21724893790088e-16	1	3.26407767345563	3.60212640444725	7.91162153590366	3.4128177104993
"291"	291	-0.437994857688264	-0.0810217044508183	2	2	0.908908734898781	-0.823174313963837	1	3	0.333333333333333	0	0.138955731694989	1	0.2	-0.6	0.8	1.56000325495366e-33	3	1.88915916375402	0	0	0.39269908169875	0.482704401257222	3.5527136788005e-16	1	5.95728078675979	1.80789995045316	1.14089835175962	4.77364332898592
"292"	292	-0.0690322448566327	0.0642727633724243	1	2	1.08219553003877	0.749999060867229	1	5	0.0625	0	0.335420201122506	1	0.5	-0.3	0.5	0	3	2.04319187054512	0	0	1.570796326795	0.826806763130276	1.66533453693773e-16	1	2.28339325223927	2.94626406088565	1.85260622764969	0.942305893144508
"293"	293	-0.500018714380503	0.0202799314343028	1	2	1.03972077083992	-3.66453119973194	0.888888888888889	3	0.0123456790123457	2	0.322837002223842	2	1	0.3	0.2	3.08148791101958e-34	2	2.04319187054512	0	0	1.570796326795	1.47614350592531	4.77395900588817e-16	1	1.50028942942139	5.08872293796719	9.4069390846065	5.02026025679606
"294"	294	-0.158879503606475	0.646936361954908	1	3	0.670215921788226	0.213728218695967	1	2	0.0205761316872428	0	0.290379919744725	5	1	0.2	-0.2	1.23259516440783e-33	2	1.88915916375402	0	0	1.570796326795	1.1474571550018	4.44089209850063e-16	1	6.12687001298058	5.57250673787181	2.35142482354375	3.25820808085054
"295"	295	1.12304665827124	0.265332597434648	1	2	1.14760154800934	1.35090151685031	1	4	0.00823045267489712	0	0.304227381968361	2	1	0.6	0	3.08148791101958e-34	4	2.04319187054512	0	0	1.570796326795	1.45567623428473	2.22044604925031e-16	1	2.81451985464147	6.72819114043526	-1.79619053848139	3.24473033561126
"296"	296	-1.01588455148206	-0.392389796340463	2	4	0.670215921788226	-0.200227307676279	1	5	0.0625	2	0.214346412345658	1	0.5	-0.2	0.5	7.70371977754894e-35	5	2.04319187054512	0	0	0.7853981633975	1.30326438755281	5.55111512312578e-18	1	3.46851277993336	4.19903243581459	0.535811955623308	1.34792517014218
"297"	297	-0.221597429419483	-0.383535015259468	1	1	0.735621939758795	-1.16460375621282	1	2	0.0493827160493827	0	0.325773903426231	1	1	-0.4	0.2	3.08148791101958e-34	3	1.67698777432242	0	0	2.3561944901925	1.30212586903834	3.33066907387547e-16	1	2.80285241934363	1.75900451302406	9.60493193353782	1.95643974283565
"298"	298	0.501780177894946	0.660724269224041	1	2	0.479623759387752	-0.220134045668248	1	5	0.0329218106995885	2	0.307630608712906	2	1	0	0.7	0	4	1.73512645696292	0	0	1.96349540849375	1.3707376456952	-2.22044604925031e-17	1	12.9109312526663	4.91324334796501	3.1681721780067	3.66482025469192
"299"	299	-0.30577048153771	-0.131824398742211	1	2	0.627741162589377	0.416510070480168	1	3	0.0416666666666667	2	0.257798632693178	1	0.5	0.2	0.4	6.93334779979405e-34	3	1.88915916375402	0	0	1.17809724509625	1.41494265940549	-2.33146835171283e-16	1	4.81542922946118	2.7816176276038	4.43981985087772	4.00523370727963
"300"	0	-0.717963642990558	-0.844905635958735	1	2	0.693147180559945	-1.04197365640419	1	4	0.104166666666667	2	0.229342599068882	5	0.5	0.1	-0.4	6.93334779979405e-34	2	1.88915916375402	0	0	1.17809724509625	1.44231256787356	-6.66133814775094e-17	1	5.84729174747228	6.06350515716538	5.35636103333187	8.47332452665443
